0,1,2,3,4,5,6,7,8,9
-5.108924995344376,-6.304612283303981,-6.810197656431774,-7.0501317139616235,-7.911057647226663,-7.575996889235573,-7.640988660424799,-7.691384606000645,-7.963136592327112,-9.432735154308032
-7.38267359839392,-8.787482067644016,-9.571738024888711,-9.988067205840647,-10.426702999682542,-10.50393467907522,-10.57039340027693,-10.660056859509961,-10.971274168903022,-10.749854079663182
-5.057474866847248,-6.4371014634732076,-6.9464415200214855,-7.5203539903465275,-7.76397587224622,-7.908644648386436,-8.123001758085126,-8.321569724159346,-8.725998764550116,-10.232272171621785
-6.718018662823162,-8.140028397300268,-8.950778542776666,-9.556081078013081,-9.959379578438684,-10.11178663259059,-10.275679291982614,-10.355524187755902,-10.463544737100419,-10.72782037265549
-4.043069713641644,-6.10386688112258,-6.708125856185138,-7.0774139191560215,-7.398650111344787,-7.516709488458781,-7.094468997742375,-7.9881724574299025,-8.011048590680398,-8.083366075576688
-6.887634981727999,-7.898799608621883,-8.807704862154575,-9.536797206927307,-10.111034280191449,-10.247222668953292,-10.399413353084464,-10.450095008382249,-10.779396961976296,-11.386925374491438
-4.519351411283877,-5.841294821655776,-6.772662248709771,-7.074560295385782,-7.767983726000482,-7.905939326630342,-7.545351424860233,-7.989193343052101,-8.312448636386813,-8.68237963487641
-4.1002697538114425,-5.329103299028714,-5.958908262836201,-6.4443063892512855,-6.893282954120583,-6.815152665734889,-6.1980425800228565,-6.497882828203857,-6.743619351226758,-8.333375386429369
-6.765125849473791,-8.11858751319679,-8.971767141717736,-9.699150284043679,-10.321822696032607,-10.325379173030642,-10.40997381001873,-10.446646692208214,-10.719071869087838,-11.580252944921693
-4.106287982008024,-5.702772225696199,-6.300595358251613,-6.709166507922379,-7.295356381457539,-7.26214827621349,-6.776752633236497,-8.012884281203556,-8.286873746936589,-9.04990177066758
-4.965858304022736,-5.155753524472484,-5.40239988734932,-5.9931687996219285,-7.312386417881412,-7.057941634036361,-6.768986897888487,-6.720194741992967,-7.366906876992731,-9.272345457112705
-6.831813879499893,-8.020529269987803,-8.944856220482837,-9.619648498154506,-10.271191397743808,-10.234617400681824,-10.439174413498659,-10.482785487089789,-10.681515914285471,-11.632035859741348
-6.295289748834901,-7.6475243734167595,-8.350277888963733,-8.764037588269662,-9.258443428737296,-9.190148378629171,-9.290002953007535,-9.349466026062187,-9.453374453333836,-9.759302526936905
-4.293022298372543,-5.582333231816511,-6.817106055039992,-6.896523169417128,-7.460461684466197,-7.727875271803912,-7.310649345846791,-7.989478139972757,-8.111646192191056,-8.325359808573248
-4.496871546982598,-5.759842361606759,-6.294773908774042,-6.543507289419056,-6.927399556896032,-6.901177405630256,-7.220156998135056,-6.959985065965663,-7.489857219850541,-7.965623153691542
-7.77132973104102,-9.068564603859974,-10.011924694060612,-10.505694032261308,-10.845408304594914,-10.89091390847858,-10.929372619407426,-11.077259960161932,-11.096946625530666,-11.504554314567123
-4.43639800574458,-5.839711319173262,-6.339048135837242,-6.662146542274617,-7.427886931436022,-7.337255604278473,-7.30144717348862,-7.75507541178193,-8.221675883439554,-8.788860880645343
-3.6744714207315483,-4.960414633444048,-5.7181083105491,-6.03623145068968,-6.580199997151735,-6.653976304938883,-6.392356507027914,-6.7968028437598385,-7.119386010483255,-8.00879339722463
-7.3977076107467985,-8.563163651607336,-9.432672398140733,-10.051673543575628,-10.440101436901072,-10.534116285417822,-10.74200823249056,-10.744718612838968,-10.818081166958143,-11.469109486481484
-4.529874126142648,-5.816976846802832,-6.4278117485549355,-6.658645152768724,-7.738212120272164,-7.28710994851732,-7.102325720387177,-7.133292844868451,-7.294339944463599,-8.249750838399311
-5.955073171616987,-6.56245850887235,-7.252746081838701,-8.587575426872306,-8.443485613740725,-8.253861177723712,-8.74036144215574,-8.628573153031885,-9.237974299091842,-9.660934865466329
-5.996517545678381,-7.127054517645827,-7.8808726807285385,-8.681465014237656,-9.354169580182406,-9.483483300373866,-9.592889402459267,-9.634889679667593,-9.906200268790633,-10.779664127350062
-4.239237503276218,-5.125282452135691,-5.393985618080952,-5.676815665016707,-6.27779058834228,-6.3938217808656415,-6.942770307738997,-7.516410129935293,-7.938621750965113,-8.639299114510944
-4.310914487812971,-5.564993393824897,-5.9387365247477515,-6.5242395910205815,-6.87127910302037,-6.926336972241727,-7.052926151887778,-7.190002502369258,-7.356607918790405,-7.680343359539611
-6.093276872251809,-7.849218989493737,-8.365164500915554,-8.444592852917522,-8.798011962241587,-8.629400811050104,-8.705856742235829,-8.808869430204906,-9.086967197065205,-10.169277209834354
-6.894650763084318,-8.226302826427666,-9.175967752047134,-9.771592409545324,-10.385533660111516,-10.453156680304359,-10.576861293613995,-10.652531127195433,-10.943108511766344,-11.712399112812696
-4.683257616555577,-5.864792860430598,-6.797732432047487,-7.0733961188841485,-7.995260600961459,-7.77226941587718,-7.504759771704548,-7.550369646579255,-7.6706509284759745,-8.103283783290411
-7.1010380646465565,-8.480677210480101,-9.054048839416305,-9.474417405135425,-9.799054690992984,-9.74850903353011,-9.818266398697817,-9.908247778699058,-9.940340894903988,-10.427171386606247
-4.656349476452256,-5.7097218583714255,-6.800050177046352,-6.518559296131963,-7.383693629648175,-7.367869530443882,-7.072273668006206,-7.519241814825556,-7.6924109377167404,-8.75148074079239
-6.135269756476809,-7.532740838643006,-8.35014128383211,-8.947828065587846,-9.280857290498721,-9.528660520097645,-9.68128097713534,-9.733151650249175,-9.975690056531862,-10.747770986977864
-3.6313492989619296,-4.896778134558035,-5.291286597156932,-5.476142006977275,-6.237580123906014,-6.521495382778695,-6.6928192435828375,-6.921050431874464,-7.267593928779005,-8.646079522384623
-3.260271261139209,-4.599057835435148,-5.1751714043441455,-5.576176692791783,-6.0999487626693805,-6.061009130201083,-6.1594525167189085,-6.236736367654456,-6.286865908697158,-6.792288526055621
-7.15192241901919,-8.734595352432077,-9.455851040676828,-9.997921687061462,-10.329796738539835,-10.622258741562064,-10.881695404503702,-10.97415103996711,-11.020418753361925,-11.063403476549151
-3.1156002826104294,-4.102358041467277,-4.777488157862275,-5.228292203899393,-6.046473984903757,-5.7083608946556685,-5.937148174613403,-6.288771705452609,-6.490310331075051,-7.576353908477106
-6.073962190974691,-7.409941931342129,-7.970125294098358,-8.252194471941074,-8.717528306736813,-8.631780108260006,-8.751182596910994,-8.840835248805314,-8.876234382925718,-9.135550992846435
-7.430349208799184,-8.885136904234182,-9.70897576097363,-10.209261447386588,-10.56352947743114,-10.87227441029922,-10.989615226443565,-11.01971434201649,-11.129335414345336,-11.257845574180035
-7.319149930568619,-8.649127492050892,-9.489371022422702,-9.983027166151297,-10.341203322434062,-10.583331288834431,-10.72408300395778,-10.58840683130008,-10.871565789921831,-11.070431787685417
-7.601761057134571,-8.75510576144377,-9.240968807049972,-8.940981589215157,-9.293068537818513,-9.76721053392863,-10.457161353818456,-9.902874421394506,-10.725507499499383,-11.248480159319186
-3.9487085930799775,-5.492646798476235,-6.477838113475702,-6.689870623715348,-6.872987965606463,-6.629713055931721,-6.579499944528221,-6.626474150738424,-6.867393960558914,-8.093602168044427
-3.3071594193472453,-4.579015518203892,-5.271278682953641,-5.732981430797865,-6.547872642063748,-6.3860658827372765,-6.600155152960996,-6.890682523215532,-7.171549874370766,-8.209596212319505
-5.199287525157391,-6.552508578485216,-7.047720373453875,-7.376142873630001,-7.899818067856984,-7.770855659266612,-7.858417561605666,-7.947501322556156,-8.003438725265154,-8.33290636487997
-4.793634799671635,-5.064236490140211,-5.517368233830813,-6.089038422022223,-7.057919032166047,-6.6195456029855375,-6.966213681921088,-7.147580535809733,-7.341834601129081,-8.689296760172173
-3.9230855942908582,-4.563947519508253,-6.055623484638202,-5.859228915409149,-6.6213750319771,-7.342845144400224,-6.67445225435691,-7.6192337685222755,-7.844420222828714,-9.092434744706066
-4.7170363886290945,-5.652346931576327,-5.938552601572651,-6.238657317197101,-6.667673403734296,-6.364876215979852,-6.426941037545286,-6.536491274489716,-6.853989198005759,-8.327100632204079
-4.334599907920508,-5.245169867449101,-5.453370680212616,-5.644020915019005,-6.269975116704767,-5.856392737353371,-5.954439619667414,-6.006685170810698,-6.304559280755447,-7.899500850462836
-7.089132348368827,-7.7570980682147015,-8.482625446151635,-8.894863762534769,-9.095763749696259,-8.99794989012089,-9.22205143714836,-9.381694792923465,-9.844032852650978,-10.08924307792213
-5.7899721910470925,-6.542845158068293,-7.3409107776660365,-7.804780954166105,-7.993727831792291,-8.004549976961995,-8.180005464157908,-8.44255736639199,-8.705072962883076,-9.065619515416996
-4.2124678293234075,-5.0681655144639945,-5.714359524247769,-6.1111524860737525,-6.460095355904668,-6.242914059378661,-6.443273800471292,-6.6951780680136945,-6.891257961864319,-7.415748729669846
-4.775424203001214,-5.562375305685672,-5.46689540541047,-5.4717147575944685,-5.907780960501131,-5.735964844202398,-5.946301875630648,-6.220787785524837,-6.5624920803508635,-7.16263056502847
-5.148826539341779,-5.820856111927242,-5.762337073309783,-5.769762701852133,-6.225049482365352,-6.08067616986442,-6.302102912892399,-6.5377538980910215,-6.839799026408752,-7.390141527514732
-5.872506294405172,-6.690382185044511,-6.6454052027163515,-6.702183756754916,-7.214510418254787,-7.075985106065612,-7.2193930053149895,-7.4402494164026605,-7.838533105091189,-8.51381200610698
-5.227188081895594,-5.571018102802835,-5.428688390526138,-5.404194086765527,-5.823684269735517,-5.744536344032668,-5.979706518563241,-6.26463815233227,-6.5529543910641825,-7.060266069360922
-5.339268953249984,-5.678300709378229,-5.609533600637337,-5.591033205019081,-5.987087741935841,-5.902857339778668,-6.128713841156966,-6.37491332253946,-6.678821625395118,-7.289066469581832
-6.091998482229173,-7.082761985021598,-7.178182401088125,-7.346318842222132,-7.686479598558145,-7.621925112120165,-7.829181018065146,-8.06563599753298,-8.424999409756271,-8.923981263464947
-4.934187787556545,-5.864777529057505,-5.852396728419876,-5.763698652628786,-6.19770370322901,-6.010653913580831,-6.2344378562034,-6.481187330363695,-6.702377259961683,-7.250111204768835
-5.3030663990159965,-5.913048458032924,-5.943008136895617,-5.872345864164414,-6.283758496635375,-6.177026205057977,-6.4089897531909745,-6.672847562659052,-6.936845055256918,-7.469902045486944
-5.753116695030725,-6.877187259689936,-7.0861075237016085,-7.279135777547577,-7.655580670633113,-7.4666205439634865,-7.6638975645281775,-7.9787377524732825,-8.222344399742655,-8.75732217484465
-4.982554991992217,-5.724286986771318,-5.717038076673577,-5.6626229557704635,-6.111818364349158,-5.953294453780771,-6.149592711683999,-6.407267618998933,-6.682845551487512,-7.207633578045367
-4.859706702674901,-5.887249754825975,-5.827407169049204,-5.829909073103419,-6.342831833343626,-6.140598279146955,-6.350633035254467,-6.596055440572556,-6.869249192291069,-7.425051062131889
-6.236783548854632,-7.637231521339257,-7.855648647122237,-8.238473100501219,-8.38039351451991,-8.612546528250432,-8.887328089447797,-9.186407988413796,-9.615020604927324,-10.015537491760083
-5.815453808409752,-7.03559401859043,-7.1736392729976375,-7.38821456266528,-7.659107656989319,-7.729579032213591,-7.969994015751455,-8.266350731149492,-8.708010541250658,-9.180869208837947
-5.074124303386143,-5.951567026505318,-5.761939950965149,-5.815721740427732,-6.06392528448819,-6.018641263560309,-6.227055748085534,-6.4567037305032775,-6.815014055587144,-7.248374419210455
-5.688526196726313,-6.303037806931822,-6.364827833451081,-6.320240006251954,-6.739910333767844,-6.575949798111653,-6.784218648274532,-7.013200274957488,-7.32607269074316,-7.8481463783357155
-3.9985568143163697,-5.134784788590543,-4.889378290937233,-4.913391556844823,-5.519452975238583,-5.205232004809115,-5.452028436750516,-5.741977521125488,-6.046826415820179,-6.748841971230978
-6.392679870935477,-7.5344437407042095,-7.777186766094801,-7.8557470412587085,-8.286261297669151,-8.169095261738107,-8.282754806574498,-8.507457781204316,-8.817987760770587,-9.412555686193295
-5.257319371741,-5.437541410339258,-5.282665004526272,-5.347398737702727,-5.679457261332622,-5.680120309838383,-5.880416109393656,-6.187363483702688,-6.47337899569383,-7.044901896729332
-3.8938955675569957,-4.929472981748877,-4.832527937244011,-4.834379486193115,-5.267797548989489,-5.103025829958394,-5.324268728148893,-5.56504612208592,-5.8418010108242955,-6.4017261813727195
-3.444354228848422,-4.895371177726738,-4.890750516926543,-4.912994044646069,-5.365040023974004,-5.139045846630725,-5.336084078894567,-5.594118718180943,-5.876567088917973,-6.4729202651896
-4.241686030743456,-5.165891652244291,-5.693950756547391,-5.82100560116994,-6.149885048276672,-5.781187231198234,-5.8092474128686,-5.861462897006147,-6.241093817792191,-7.658817399067572
-2.781630528458267,-4.091659819282382,-4.628284044789952,-4.932830932881474,-5.6516165703439825,-5.410747867167376,-5.4397612228831385,-5.5864450584473015,-5.836599931127206,-6.5372251398870915
-3.1487543236610183,-4.404755403183595,-4.888610065639449,-5.115141969119514,-5.753900654108476,-5.450009716904003,-5.5044221497356585,-5.595277755549102,-5.818891528391201,-6.717310327962829
-4.485778566622412,-5.003073594221718,-4.868329625021703,-4.934263627677423,-5.342067329985555,-5.298771365288067,-5.575600254808066,-5.835804416257345,-6.175906203508465,-6.681653497250414
-4.563243399782228,-5.0498537810298805,-4.92339291727472,-4.961603139847983,-5.384618245950207,-5.296771223015248,-5.57249260198836,-5.869523070495497,-6.17539987759602,-6.77734747597515
-4.472534115183957,-5.336071304811348,-5.235777144291743,-5.207584717778873,-5.666909280936559,-5.531890727710242,-5.8005689812170695,-6.091718361026717,-6.405893404325477,-6.901357787573024
-4.763008563512901,-5.613792453685206,-5.531441981458727,-5.586046163472782,-6.049053570062027,-5.897554284296968,-6.133317570754815,-6.405330157773113,-6.7397645561461985,-7.37439776546103
-5.09375769063472,-5.753893470361254,-5.695807006125779,-5.662526437479636,-6.051377204257047,-5.981579749735262,-6.218603568489707,-6.458398305825316,-6.771207154138844,-7.322077062718914
-4.589555845020923,-5.930918385223266,-5.910553794714476,-5.930738110752898,-6.4919005116892645,-6.220260699662819,-6.460920035152329,-6.769978885167142,-7.0779863615016865,-7.702559259503323
-4.524370335981611,-5.290180497636699,-4.9535710530199415,-5.0039636135118934,-5.4031041322477975,-5.238776942410037,-5.507515593652995,-5.810468936205578,-6.110437876008469,-6.723208537623725
-4.8538643459080735,-5.473665622899218,-5.381651093078306,-5.400069123197411,-5.828476033857598,-5.7532763407872025,-5.9908109127676035,-6.285323455461381,-6.586756804222771,-7.147315647277848
-4.366465750965146,-5.354027090662874,-5.397319783300048,-5.341400674349662,-5.76798584110995,-5.697713345330263,-5.9312984073927115,-6.184580482004511,-6.494120621323659,-7.015497284323249
-4.2216378189953065,-5.303291789959444,-5.264147185986648,-5.262680036976044,-5.783787529710123,-5.559068620413807,-5.810387448363993,-6.043413937976043,-6.330106269593357,-6.954545525083511
-6.232862782867798,-7.50190204213584,-8.140394872643457,-8.240149558566475,-8.732867250431834,-8.651465531679769,-8.88924867991462,-9.049375387957086,-9.36867451840656,-9.825456251774426
-4.526900011983283,-5.396705274934963,-5.340823712415268,-5.284112971488882,-5.660994412252932,-5.585030490741554,-5.83066177912238,-6.08778948657876,-6.372875550694785,-6.989072197941727
-4.264098510150965,-5.2368224574274125,-5.1508695632439805,-5.170930140861459,-5.627497464262695,-5.464386812728491,-5.684582206446894,-5.965705840426628,-6.249791792831039,-6.857836848186165
-6.126669401734266,-6.878376203308765,-7.146874906553256,-7.141763299963378,-7.648405509194005,-7.4198682847155215,-7.629198308341292,-7.849845720938796,-8.18150609014144,-8.747247834722913
-4.802624725863037,-6.451967010861806,-6.539114028188335,-6.558715200574202,-6.977379340691688,-6.884812746254338,-6.997995598477308,-7.340380560674605,-7.648671881040124,-8.154349744325904
-4.849412411812316,-5.643511358417465,-5.502046877968768,-5.528430356446599,-5.858529110422179,-5.78717018845563,-6.0660079061645495,-6.3162997001118475,-6.625004821637683,-7.032873644955026
-4.838976034679679,-5.487793619715975,-5.35595855331632,-5.357624227996348,-5.840411000198583,-5.73559720736655,-5.979228683032457,-6.288610159170094,-6.567379320965881,-7.1921169385718136
-5.993919651405847,-7.301139575680061,-7.351648647615217,-7.371570072733063,-7.845850220348649,-7.649723935671768,-8.278803512328366,-8.361570371548678,-8.55272634591001,-8.83994085716772
-3.2275782892295437,-4.474417601621885,-4.933978272647356,-5.204898053721761,-5.7980020566158785,-5.569282616796524,-5.678608730742403,-5.823882519012738,-6.123836956166808,-6.732045971718145
-4.212523799439531,-5.003196443322478,-4.858553412113602,-4.835423971446413,-5.293512715820963,-4.973922606161612,-5.079479117511134,-5.1946021405581035,-5.516638050491019,-6.987085817605222
-4.2695231154150255,-5.338948486215013,-5.905689467192652,-6.0794509383831645,-6.49601886029847,-6.177216409217296,-6.220096866702198,-6.246464536796344,-6.506091120074822,-7.85628497868782
-4.323104403565376,-5.698993822086522,-5.916631969613203,-6.002462221919101,-6.312242669516521,-6.05529994256836,-6.064474230717409,-6.092753225402884,-6.321149034108812,-7.41655639488342
-2.9473861515725623,-3.7637475066112867,-3.866691180279043,-3.7573018833892573,-4.112113780688231,-3.8466557489723248,-3.91904540420313,-3.998477811398803,-4.122178803592487,-4.49790035740925
-2.672714713590981,-4.183154854992864,-4.43154773875273,-4.847215094363558,-5.310524543288528,-4.9999059549044675,-5.165189204768496,-5.203767044775858,-5.424630531627631,-6.219723780966933
-4.129131176118152,-5.704076651597786,-6.14368539965988,-6.3394880137571565,-6.447627721129047,-6.063878724965843,-6.276208161072004,-6.370026544751842,-6.656447281208372,-8.065370445709235
-2.673480166626273,-4.030302683436362,-4.269944921399411,-4.355243783357043,-4.7983673234873345,-4.314649785711782,-4.312929932309581,-4.27091755514617,-4.47483725457524,-5.8220008980173725
-4.596431844803397,-4.776218234934879,-5.83698122282988,-6.084164107920074,-6.599374968868049,-6.231069954558636,-6.298970405649882,-6.370296976741715,-6.631090316142769,-7.930042373338287
-4.317259093629991,-5.669420156425827,-6.11642453351789,-6.324279084828595,-6.777032308181127,-6.42073384689509,-6.463445049592037,-6.503184709829165,-6.701298663735365,-7.7701887076627045
-4.264336268508551,-5.693719895176048,-6.052898382202566,-6.290570772551411,-6.602101514519025,-6.3824197341123305,-6.431013519124842,-6.500982962915187,-6.741277454410982,-7.887822229570274
-2.867466666978577,-4.277294422062009,-4.877715487619064,-5.231925255597885,-5.787617275914762,-5.810191620469372,-6.032274482185537,-6.24696642824824,-6.608524553152554,-7.384940231416262
-4.925806089115716,-6.262104029406101,-6.628852226496971,-6.716415709054209,-7.035628571551753,-6.691326882325135,-6.666376679473601,-6.758033385761477,-6.975985150170888,-8.503493532747825
-4.267601399165727,-5.729980334376138,-6.438927836617454,-6.68762861016855,-7.142118888016607,-6.88849738567931,-6.888555600115583,-6.945327075455302,-7.153606379451335,-8.50900038115937
-4.459156828285778,-5.556565181341093,-6.077803381271502,-6.5525459503505905,-7.175398509033945,-6.870134615354934,-7.017643447839933,-7.228252110428438,-7.041232979452862,-7.429125761425081
-4.6382324249689395,-5.883175545607414,-6.344702057782055,-6.324178637677214,-6.567037938115382,-6.261205475172619,-6.258518607366237,-6.315115100333154,-6.579807323245736,-8.027660087951311
-4.743209840012488,-5.850693904789358,-5.914166553800404,-6.034141771210266,-6.526168200592052,-6.391534170213154,-6.589399227834135,-6.774102473211151,-7.179214954247994,-8.610132240592575
-4.772631420323929,-5.449721481612918,-5.212555784635165,-5.213739379371695,-5.646326167645125,-5.542303180080603,-5.805489241125818,-6.055371617221513,-6.350336461045997,-6.919203870521574
-5.76265773437579,-7.249529170194136,-7.907018815845155,-8.3267788679052,-8.72717340257559,-8.596283932430035,-8.832102569037342,-9.062058208455317,-9.213322572657676,-9.741219367937841
-4.493733579818069,-5.85472052063778,-5.75732990235329,-5.778678811091296,-6.2135500688767715,-6.075888392847207,-6.268365916490417,-6.498758002455044,-6.759214602186441,-7.199779993481976
-1.3834879495832229,-2.0897033861834324,-2.5627968576671374,-3.007776066701236,-3.396939042767437,-3.2680036779326054,-3.601791777785323,-3.643109054697511,-3.7602819675729418,-4.013913376089859
-5.546348709023986,-5.967430011572161,-5.554140656755289,-6.119225192464673,-6.5464357763976135,-6.762936583219265,-6.97661714715581,-7.233809672621591,-7.5995455688043005,-8.050898223482642
-7.575606788602259,-7.621742106936389,-7.782190578838845,-8.032759393664238,-8.534758662979305,-8.453886321065802,-8.6105898815156,-8.739582402540739,-8.852593833974456,-9.338162873659085
-7.496505601117796,-7.6711534465391145,-7.91626595621973,-8.0947083239181,-8.517167690439251,-8.458450191437384,-8.596005828547813,-8.785134791810039,-8.932960767324108,-9.28381511365621
-7.53072262495032,-7.6447700243244725,-7.857255533996046,-8.070382437068401,-8.507712379446303,-8.365526563167546,-8.6076683190289,-8.777683966833676,-8.888129377312271,-9.221655809205421
-4.646735574287224,-5.752554819001201,-5.572533421305249,-5.473728830106164,-5.766215799210189,-5.3820800285720685,-5.439189462270431,-5.504287123222722,-5.787537013328929,-7.209295252117878
-4.155057498742262,-4.544573805683735,-4.659163290237567,-4.862885122655349,-5.298966499849461,-5.310773034255291,-5.559869329729472,-5.684675376975023,-6.074771894376852,-6.663017567906327
-4.363122833514896,-5.930492775335281,-6.33892343670017,-6.3782029785187095,-6.769754622011476,-6.360425775789993,-6.391345538011826,-6.439818045605836,-6.750652097286767,-8.119698491047448
-4.201732693518236,-5.652003791831036,-5.922852083124689,-6.072011412585251,-6.37313313609393,-6.011538650409561,-6.081595794653142,-6.164555057254934,-6.518417778515535,-8.064187057738744
-2.6660441788287197,-4.134184463012326,-4.471920697159139,-4.659973623330971,-5.091859192114937,-4.887857694448661,-4.937257673472528,-4.969565022778231,-5.254903819265678,-6.2007413748481985
-4.048941210625862,-5.986555411714321,-7.021568808293422,-7.523638659582724,-8.089868067881872,-8.08045622055006,-8.375983706274374,-8.653342897504174,-8.84417299724877,-9.141791477379956
-2.6311932699416256,-4.12533861651599,-4.381542807338096,-4.82499400610618,-5.298248701905584,-5.004042980293461,-5.159114671838236,-5.116064887941277,-5.420142629727559,-5.910523321726376
-3.9332757010843706,-4.846832446747892,-4.868212113945759,-5.166969831192018,-5.584069085475419,-5.250457632535463,-5.3092839890437205,-5.390614608282129,-5.6484459488739,-7.137407231954319
-4.813900040076575,-5.5053754870026,-5.682341524375439,-5.971106764938956,-6.452107906437959,-6.157756641024507,-6.209801049146708,-6.365417701325585,-6.727421149557042,-8.18335524743233
-4.89029868042683,-6.218840094107329,-6.221198561526574,-6.046116406406557,-6.406864575408911,-6.018695231516938,-6.03235865531534,-6.0191268518853205,-6.247969479438674,-7.678483676949773
-4.5031306843878625,-6.013424115785102,-5.997205264728068,-5.820268763977933,-6.133563838144833,-5.735062032114042,-5.715711543827364,-5.71078215511471,-5.97583511027434,-7.4392539706442005
-6.783007175741673,-8.532576619082821,-8.809902628857015,-8.771285751363207,-8.989138559370005,-8.72580726207575,-8.739558924415674,-8.782345455106588,-9.104070790593786,-10.427666782707348
-4.699613301324188,-5.720942859559117,-5.763289033879631,-5.876312379497633,-6.0891405723838625,-5.884775281536285,-5.932518133214245,-6.008961936882085,-6.319584459901416,-7.591175335946056
-4.481521971331221,-5.690306125117425,-5.704067908076308,-5.673546165637301,-6.037218232190241,-5.712742362829789,-5.7654133051612275,-5.811963203517776,-6.082139819504632,-7.343425740494231
-4.518283307199701,-5.143454050109275,-4.877734906884177,-4.790057357718947,-5.0202650681258945,-4.719492391515394,-4.809018018991606,-4.860157539597771,-5.2075684976175465,-6.671442998828129
-5.251975792304166,-6.397433472217742,-6.274792621532285,-6.287272313877423,-7.000821188107246,-6.734681354296241,-6.996679434179324,-7.287096758313795,-7.561414948432901,-8.166614426226218
-4.069993949686465,-5.051392682488483,-4.600599847814631,-4.762090082120698,-5.364275926541401,-4.9427225642470844,-5.068782346521465,-5.184875364791531,-5.522959813177907,-6.9448349780190055
-4.196283149496159,-5.504927209783592,-5.757360929079789,-5.936712974328526,-6.323643152010358,-5.8559123220563665,-6.120512717868039,-6.163623588722919,-6.498134249888659,-7.769439801841653
-5.366560412976746,-6.695389659996655,-7.23339840364357,-7.320939909315142,-7.714847543933015,-7.5304392288293975,-7.5975021706607535,-7.644936431108591,-7.899865439249062,-8.935283837802436
-5.151145293549576,-6.642925200888806,-7.129206066171735,-7.192364738080816,-7.53556234967033,-7.2724248271710925,-7.329347832315995,-7.387357907749625,-7.706957613798237,-8.954579741594767
-4.301095773006492,-5.41478781718336,-5.408385998460552,-5.412706230954938,-5.551164430304829,-5.416000419067519,-5.509459504939019,-5.566555972897279,-5.862286050790781,-7.1320578584985075
-2.1233392183567887,-3.413265917828783,-4.127787744984565,-4.452588345490307,-5.230238058367203,-4.815522419297533,-4.936157633650602,-5.098551779256905,-5.335202574128767,-6.372458750275939
-5.534231556238105,-6.502893233684986,-7.647154702086753,-8.449659504552562,-9.261506445086829,-9.33819055854611,-9.586575051682921,-9.661852692483913,-9.982278590133157,-10.958053108332738
-5.417896245399047,-6.425952561314095,-7.651447342815715,-8.405662402167238,-8.921726788063639,-9.031162844025122,-9.3747963661027,-9.522506680668618,-9.38883010632048,-10.740210690544224
-2.721579320209537,-4.118050435188924,-4.398588928864451,-4.630233217643277,-5.050367263595828,-5.166196899379537,-5.169263566355232,-5.388526830218267,-5.711166980568731,-6.999660326451804
-1.5039894245184404,-2.7489778988851525,-3.257550439262923,-3.5503056328792515,-4.188118649249018,-4.033569481014168,-4.199594965517907,-4.298883717292457,-4.598766030109242,-5.458751839367828
-5.228443305968466,-6.676173794215376,-6.634968153814264,-6.7289324306912,-6.902651910038481,-6.838807999801771,-7.049576114667342,-7.1452579956260776,-7.485799774596926,-8.927513378788664
-3.213773504222132,-4.400312046764412,-4.979534192126147,-5.0154070084251385,-5.487621797559204,-5.470714888814115,-5.4056984278312115,-5.702262923634263,-5.719960136576986,-6.029901320146053
-1.8633355975682613,-3.1252395385710536,-3.5930038717561814,-4.008189988879545,-4.368908864138844,-4.345710023829783,-4.494365521886354,-4.632404392278141,-4.644422663590158,-5.191433931776883
-2.343775280064477,-3.438777119400781,-4.2496956428613215,-4.1963014077363905,-4.778279166061737,-4.4551948643241035,-4.243735572635907,-4.640302085694756,-4.811127261972797,-5.22347722091257
-1.7726575323010731,-2.9337545198198045,-3.5672108526952164,-3.9018537730200893,-4.185069073615856,-4.244088216890243,-4.405363928150519,-4.553373596316386,-4.760986998362912,-5.324267896408206
-2.6900890129971518,-4.019012501836846,-4.454523558255595,-4.959216403018358,-5.379799787239376,-5.300592935522345,-5.458995597141646,-5.7184790537123105,-5.966825162784472,-6.546067846261958
-2.445664101323069,-3.630596113291717,-4.238059378133358,-4.710609677257444,-5.276689615478546,-4.96398195019763,-5.217462107697438,-4.992974512762062,-4.659719977030786,-5.437853271081568
-2.195965043144312,-3.5496019349022365,-3.9902460301090015,-4.424091373268048,-4.803201668944954,-4.887982469670156,-4.987904002687681,-5.178855183375914,-5.571294184323198,-6.524841271330506
-2.6563344661966743,-3.4581474803715295,-4.243354944791589,-4.590024086458294,-5.231780098271954,-4.793007474411713,-4.945613382088689,-4.732493634546258,-4.571935431952278,-5.414481488351023
-2.202260170421716,-3.418717604997565,-3.453183047170623,-3.855453050326337,-4.130461684830668,-4.086114435844457,-3.884124061220525,-4.2321885583027035,-4.232447023436628,-4.407446583131421
-2.6751457200269444,-3.8751253537012054,-4.464656645601175,-5.0123666153645,-5.64232486185362,-5.275497869137898,-5.475089659977055,-5.715517182864854,-5.9236593398646376,-7.454855546225052
-2.5760610146953393,-3.913813201700247,-4.505654836787839,-4.797015400738966,-5.472871326603548,-5.319512734063839,-5.362309942352452,-5.459516910991782,-5.7119199751648635,-6.348763618752042
-4.804556229336058,-5.501322538602387,-5.378146495326547,-5.439117855821152,-5.8286016719647,-5.626929483820497,-5.810697783941122,-6.039974662361022,-6.270546084060909,-6.74810766750819
-4.266880832125123,-4.986407100093048,-4.744136640658353,-4.845749685792668,-5.279888759248955,-5.10901301843275,-5.32296178006092,-5.563936863557925,-5.835577673111613,-6.391496913074599
-5.659901353558818,-6.308250549393391,-6.536896464394762,-6.624515152220651,-6.952051672499514,-6.871679530213382,-7.059159044700859,-7.259670159536742,-7.510590884894095,-8.06169592406872
-5.2266746857957616,-5.8611249790426925,-5.9673321898566325,-6.026955374988666,-6.4356877682191636,-6.189215819094284,-6.361602018272443,-6.583406562149183,-6.759002280142221,-7.268651863220526
-5.238595396816397,-6.099729199717352,-6.277910547491785,-6.45899762993506,-6.711398057411677,-6.712371868362618,-6.813362132129954,-7.118718628833027,-7.344718847481668,-7.689082907324731
-8.033687400168976,-8.72427769570417,-9.144121682954182,-9.49516832927861,-9.90529392154183,-9.717963738749026,-10.02968924498999,-10.24358239419997,-10.577862488138956,-10.864147675224055
-5.6367302493265035,-6.556170860568406,-6.861247509702336,-7.045771526746899,-7.370785330313977,-7.266100280916219,-7.433288345975591,-7.60727585659206,-7.816409730345063,-8.173299022469934
-4.661271334261968,-5.671991580627827,-5.556314977298229,-5.586287853850652,-5.980412048007308,-5.822409577963259,-6.000882713426976,-6.258715305539166,-6.522037457021094,-6.932286478081984
-5.262997785924646,-6.100455030891646,-6.3242151355095455,-6.462405845049317,-6.9023115617366715,-6.7216571413271184,-6.873446033291499,-7.023050020695039,-7.27832896752851,-7.759510596494842
-7.2242517800274575,-7.977779945587014,-8.324555659916777,-8.432386826345846,-8.73160679445025,-8.47477348445592,-8.681108214356959,-8.705135011463566,-9.191245827301737,-9.621955665018564
-4.098854355012849,-5.614041130635092,-5.9230903787179034,-6.090486856977523,-6.339902627393708,-6.146139067530195,-6.185275395614054,-6.246783315358078,-6.524623857307173,-7.800389413811609
-6.311152408590802,-8.25195715767556,-8.597131271233838,-8.767326706383496,-9.090471716118234,-8.930234701198009,-9.025376919091766,-9.301074112577842,-9.449246724446356,-10.070341250887054
-6.323597028774651,-7.934986714258069,-8.198801199202272,-8.411820637894778,-8.594872265942728,-8.46137174227864,-8.56426947686126,-8.582792517860604,-8.861767625307289,-9.921641937526667
-5.137197674590868,-6.199657637439559,-6.091432013810938,-6.103627031931085,-6.519580958978796,-6.298461424808947,-6.493752745883801,-6.836850719686947,-7.115956859048612,-7.520413292845932
-5.865064844190017,-7.082361699705501,-7.6699440557966065,-7.778382516018406,-8.271424544705447,-8.089269842729536,-8.074022972596007,-8.414181621050844,-8.710788034170584,-8.934996792811296
-5.271539740059646,-6.072019826859983,-6.171851115724895,-6.267710979243361,-6.690872231902258,-6.4755960447372924,-6.740498385608729,-6.875007320881131,-7.136928047796254,-7.674858234021585
-5.48772774963813,-6.454215739084038,-6.580897248004799,-6.692237031951105,-7.124545861273605,-7.0281643963039135,-7.215252684179006,-7.5528717734496364,-7.801603638977326,-8.503106747844287
-5.733066316457324,-7.000900993215875,-7.2843456774863204,-7.3803679185847555,-7.678537282295908,-7.5459013003779845,-7.689935242405207,-7.825253437190956,-8.208174438913748,-8.651922144619991
-5.253288609146238,-6.081152123789733,-6.256104076731381,-6.295339340419351,-6.674672839469352,-6.580754574177851,-6.773843762116153,-7.009218886707279,-7.250252136178211,-7.773265219612662
-4.249611606850612,-5.073486063613444,-4.979212852958935,-5.01560195379205,-5.3105325210736956,-5.152466734014045,-5.312330780373791,-5.4975228987188425,-5.73926641733844,-6.190674010714006
-5.2231780158998555,-6.14408019312754,-6.331410613234559,-6.455735819149858,-6.636416114384254,-6.639659358795341,-6.755470379535592,-6.981910940035017,-7.2216777453676,-7.506362243131025
-4.458343762142877,-5.179291342244573,-4.868232267347828,-4.953626605240842,-5.334397839160192,-5.161609725147209,-5.353772750848996,-5.575353293519988,-5.820624081523221,-6.350148687442139
-4.1399587020257735,-4.809084511532757,-5.116641046615181,-5.385418740696031,-5.788639520167609,-5.598032232261026,-5.69868150736533,-5.80770284861845,-6.124678250287442,-7.614527923660267
-4.1325964805584094,-5.246800863547577,-5.632301384276653,-5.711265027828684,-6.187101963905443,-5.704706738631368,-5.72896484429092,-5.779704552952029,-6.08694129714439,-7.599955990681817
-4.066385666711606,-5.52652947970733,-5.862568139055046,-6.021034432320484,-6.35838269896226,-6.069418355173445,-6.12534517084429,-6.196934253833595,-6.476961012656883,-7.868452997243989
-4.586178861472373,-4.760733452218638,-5.050645776313489,-5.013498069260906,-5.416781553112205,-5.158478940011451,-5.249210277255376,-5.3265069964329745,-5.642746509672615,-7.107829893112516
-4.667015162089457,-6.913473890196314,-7.140262116036706,-7.188366961078401,-7.539137946176693,-7.294141472871128,-7.409467611994143,-7.504117707598438,-7.814556439555995,-9.132379804010625
-4.317727764645558,-5.87203255919348,-6.148032302298845,-6.376677335452788,-6.734574357254681,-6.469334182364306,-6.531736875293504,-6.567777769472777,-6.889135146626227,-8.291809030332972
-3.8108980798068566,-4.912518387790946,-4.936187023185802,-4.867770576310285,-5.213386445352325,-4.965704972739986,-5.053294017082501,-5.087031445500453,-5.380110007447959,-6.6345996108569585
-4.830749944357222,-5.237921510111101,-4.914204729467867,-4.759299295842017,-4.9547591460091125,-4.770103814423815,-4.863974032248357,-4.956137405177072,-5.243980765799447,-6.472871366591544
-5.158825971189107,-5.6564645602226875,-5.603535097614627,-5.466090370964707,-5.848450654852363,-5.495499230325941,-5.5588356198212985,-5.598936568705177,-5.782288527954927,-7.134878912109457
-4.250467086038448,-5.35325659234298,-5.371410412851021,-5.421738776498834,-5.768060731354123,-5.501099138434391,-5.585960318371981,-5.648295172701009,-5.971428768572072,-7.3459545848517855
-4.992168654441798,-5.303892064999953,-5.317391372090871,-5.280782752068377,-5.760439717819036,-5.453938157557724,-5.5783286914072505,-5.680854654872325,-6.002505763805073,-7.678977128977527
-4.5572625800635205,-5.75605488572327,-5.807610098913383,-6.034862350919607,-6.456995512150052,-6.145187139193493,-6.231457164788936,-6.3049715640602955,-6.616226457895105,-8.150899481795845
-4.1100402110275835,-4.819855062179624,-4.553025526528299,-4.455903917181386,-4.841897137751941,-4.5557203640307495,-4.641876250852101,-4.740650972782623,-5.093789747819261,-6.536688935664598
-3.0602039872311213,-4.012257832248684,-3.8299496983360344,-3.848168917454779,-4.286357648248961,-3.9698731198040136,-4.0930206373116915,-4.227455027367747,-4.569186712943478,-5.893208623322523
-2.777010171059292,-4.0135934127540835,-4.359228938145008,-4.4684008466774845,-4.535848135701829,-4.483691814489655,-4.6025156555275,-3.6983413602591013,-4.555495523818898,-5.259576221842414
-4.728174390374092,-6.3582977868983,-7.642656780780314,-8.308808241055052,-8.643112073292814,-8.747539621834022,-8.913303980716396,-8.94197410169376,-9.209360589279873,-9.86825058872835
-3.1918441720300903,-4.533625168833757,-5.016694470503427,-5.230228073148083,-5.320006409971517,-5.734918449843565,-5.521202579373006,-5.842761172872004,-5.330405108872133,-5.698957194310942
-2.1317474675496277,-3.2965916406357905,-3.7688974769445625,-3.9274512179617433,-4.576538668298911,-4.221679642242793,-4.385375532803742,-4.652676725168639,-4.569933923946551,-4.982509642284736
-3.1470801585890458,-4.485956303513243,-5.06889445354828,-5.333680605716466,-5.806901329411056,-5.745662515545009,-5.92952623258203,-5.2643229366385045,-5.972723478104246,-6.846329985295131
-5.683206546940194,-7.021077852052764,-8.409167394693252,-9.115415519529565,-9.725964600979461,-9.732157281367684,-9.898501567284962,-9.974811475090295,-10.089447812593681,-10.513724012160605
-2.99250314951007,-3.8400227577032218,-4.419445883242017,-4.801382615269613,-5.476375933087718,-5.160177276500313,-5.633112768465121,-5.89682194745564,-5.935790587703825,-6.4085338408364985
-5.183182904535621,-6.6340593492068605,-7.893919453225417,-8.680938435008835,-9.167812258002295,-9.326077614565213,-9.466740010155888,-9.559541865655186,-9.824437185948844,-10.314353238492563
-2.643351960598983,-3.518531920473541,-4.2375588176357075,-4.630230093766892,-4.980746536379503,-4.867621603309018,-5.053011542699249,-5.50400739130964,-5.426820402961494,-5.7023928669162744
-6.092547241126564,-7.98213303939493,-8.65178432235745,-8.994824246523338,-9.303005067639148,-9.122473602830391,-9.15689296444639,-9.156868788420203,-9.381707581070145,-10.332694411312414
-5.923525889267318,-8.030674444937262,-8.496387796923887,-8.701727827015391,-9.120691769616258,-8.796858952907805,-8.832025927916833,-8.811585173860529,-9.043144575081639,-10.154855072834936
-2.616940914756415,-4.056418745143805,-4.56719594471157,-4.8997391755124395,-5.625955113734004,-5.455997702598753,-5.591393105768159,-5.779950906466948,-6.000354435928635,-6.678228049515693
-3.7792764866117907,-5.691667840454704,-6.030614721799582,-6.066942815568799,-6.372591921717032,-6.1572517292651785,-6.10881192612026,-6.2191232683386,-6.525574188412783,-7.829194368732459
-2.5702854928792127,-3.9187393444427903,-4.294603076473546,-4.4319256918932695,-4.811708596222916,-4.615338328744563,-4.82264468822957,-5.0098366236859295,-5.36972645892958,-6.3865814715689035
-2.7204369876960395,-4.143669806417542,-4.51673003549318,-4.74190431708596,-5.411725737913257,-5.107022298538615,-5.249506343154917,-5.423939884673592,-5.617394108331903,-6.203090586044641
-2.660285123907155,-4.070051061634913,-4.470165486867566,-4.753383083849303,-5.342375701639571,-5.040012923084752,-5.170907561573135,-5.227496244881832,-5.547150421261308,-6.309368807644678
-2.740875934819745,-3.9704152002080004,-4.344355627887864,-4.556229309619419,-4.979107709134175,-4.769152032930161,-4.882539009590191,-4.960165164711062,-5.2536296807638525,-6.332838814708865
-1.3610530516295225,-2.658495853141719,-3.067211850072865,-3.27609967454335,-3.7190060819064494,-3.4419086358506794,-3.5631347731655767,-3.601615514285888,-3.6317485764992274,-4.083452043986248
-2.6585256296556827,-4.07692131358862,-4.370652623290988,-4.780187050094335,-5.283560944711123,-4.983887067849379,-5.214558430649482,-5.25926249144126,-5.472879947230067,-6.419289968954139
-4.859778820776602,-5.183010401105103,-5.290912010109448,-5.472588597954616,-5.826768689483849,-5.688176161503488,-5.8172904442807,-5.93321838736474,-6.2680571033642725,-7.584968818331211
-4.723047039473026,-5.3164972490634295,-5.578433377308632,-5.695229531528196,-6.089559792322578,-5.87905825887265,-6.012940966987388,-6.135148759389921,-6.454492761090078,-7.674796354999446
-4.017776760197035,-5.693985715352978,-5.586537098654243,-5.396158160340511,-5.683778458891768,-5.449098060416971,-5.48148327068303,-5.536731751803314,-5.814210477025512,-7.154259855794744
-6.956515029773349,-8.489222430213642,-8.383511508174692,-8.321883227037304,-8.549309997966557,-8.250956091113487,-8.42228398671843,-8.41393084199901,-8.870098783118815,-10.072969506400835
-4.897689119437813,-6.359122914851489,-6.322766175472158,-6.235255049006417,-6.626912806334925,-6.226506268473184,-6.30641600412432,-6.376179075867897,-6.697884040470832,-8.155352278644596
-2.768212980634374,-4.249536944292793,-4.596508886633911,-4.914768149556436,-5.421028849270271,-5.151201756999963,-5.273201071275848,-5.368364431395219,-5.675449432763116,-6.445025768397781
-2.7763676889394593,-4.197081485055198,-4.395129107403713,-4.670002951766336,-5.503405674821018,-5.19850608741807,-5.046815486797646,-5.085861844027663,-5.216818524232054,-5.727606822042644
-7.850621371599599,-8.295009604043107,-8.23011120334768,-8.125290650618242,-8.346528322543124,-8.058355479658244,-8.03360284783121,-8.042506392674442,-8.232818907974636,-9.442655205149018
-5.201348960615735,-6.0327475051200254,-6.24658493007238,-6.240084858021531,-6.577769056511644,-6.28286393841656,-6.341800373298525,-6.373511159714794,-6.6247744147771215,-7.952227034619141
-2.368385019180556,-3.8685768916574683,-4.222142875307925,-4.437868491939254,-5.04881350663412,-4.739582467676734,-4.995975234465525,-5.044690872825531,-5.2417616105122935,-5.776499508289739
-2.456217918975796,-3.4805466956191755,-3.8321269730110274,-3.993782567126181,-4.2941427142607465,-4.180496940647522,-4.360009671830131,-4.62086005979056,-4.37142482243841,-5.006999542406165
-2.6061087397453586,-3.6641242715927342,-4.078589947457394,-4.570899391906226,-4.940637170520706,-5.000098251479637,-5.148920349695448,-5.681382827399414,-5.397974456900683,-5.417568292642608
-4.413873647109894,-5.505716372616738,-6.585114156914951,-7.288629753171027,-8.00609163041214,-7.790561811477284,-7.836072322904151,-7.9195452307166025,-8.189759143313271,-9.453019556210618
-6.696750062887791,-7.703751225665634,-8.706908166260563,-9.451441682262127,-10.230880755282543,-9.918742642450034,-9.977973483644591,-10.150940337355259,-10.568070320684908,-11.48978116077505
-6.566884790731381,-8.115456387593015,-9.1933234521788,-9.738876508211238,-10.169122966896992,-10.13727111226845,-10.276496835265883,-10.313716496005018,-10.56947129277629,-11.208709777393581
-6.254017990471765,-7.28966692066202,-7.438350795173534,-7.390861716923215,-7.627322468952826,-7.291499131010781,-7.275966621483027,-7.338245096676686,-7.657887098662693,-8.957863550205698
-0.1258723112366255,-1.3016622660572637,-1.8194662444296992,-2.1792076987942104,-2.9936221506289966,-2.5659362422535033,-2.6982086555818934,-2.803793539643855,-2.9443873252607213,-3.7562480536888905
-1.76820293433868,-2.4663818998547797,-2.8813643742192125,-3.12586995070919,-3.5299814633063487,-3.516317194789091,-3.6217486053487318,-3.582771698731535,-3.591350757982422,-4.022497505955665
-1.5964934833484599,-2.432674278111067,-2.9665758430340508,-3.122351767784408,-3.3694166344722416,-3.416798579655149,-3.4086572540121445,-3.4225452205684816,-3.6365008929557883,-3.7512132912372387
-1.766638305574641,-2.963249726163253,-3.4688279758773146,-3.7060363391760456,-4.0822053133404035,-4.108581368595703,-4.150725605435097,-4.326306698844814,-4.398461567805893,-4.925577204949258
-1.4914702919327743,-2.5441931606098245,-2.7944120869539923,-3.027862866406654,-3.705768598812613,-3.212974800490297,-3.323671426556548,-3.2693638486454137,-3.3938786531889917,-3.8179225667324292
-4.551333316534912,-5.556803451286721,-5.879940247710121,-5.871639228027758,-6.295556147182338,-6.02669504082714,-6.113749405276207,-6.158486205800573,-6.4462608570934075,-7.986645580703918
-4.199415498663288,-5.433432114844198,-5.928671873221264,-6.189617132662073,-6.577992228271026,-6.335765538973485,-6.356093793959827,-6.3751794775147,-6.616411629131892,-8.006923589110107
-4.648602275382679,-5.320861020169358,-5.3606350419158755,-5.378512057212728,-5.604861527123291,-5.400305150848919,-5.484957158829047,-5.620096774687685,-6.035392355815804,-7.505138554265359
-4.778563913222391,-5.844085224971947,-6.031425630239114,-6.072537833957986,-6.432669997632674,-6.196682939342156,-6.277304961667897,-6.372588510127352,-6.699553389048243,-8.214498932000335
-4.803873759074486,-5.759983761941792,-5.931315437322037,-6.174419874232874,-6.464647118987587,-6.275767622172718,-6.3822758143433775,-6.561776103577143,-6.691014247613827,-7.118835672203896
-4.055844164347456,-5.075572801666728,-5.034797189761971,-5.013063294061393,-5.3451428926964075,-5.144886163262906,-5.274218026682317,-5.474972838796314,-5.605667094463154,-6.163084679191637
-4.758298725113442,-6.2562892280572395,-6.985731934791735,-7.48916836697238,-7.991118147379754,-7.975551040440937,-8.11350901796277,-8.24648702940926,-8.309301883203828,-8.629069086298863
-4.569430366337084,-5.503209422474856,-5.386649079587073,-5.368516101465414,-5.629529597167055,-5.476911466209986,-5.608447493605017,-5.736932485355761,-5.923814709349866,-6.420302550660172
-4.827667556753872,-6.0720244882450976,-6.1401883173276905,-6.2168621504570645,-6.596228208062824,-6.323359961972527,-6.44655801983613,-6.6382624017809215,-6.802561637426675,-7.290270422653659
-4.376146714329314,-5.428135503795542,-5.477596559305964,-5.532866990654102,-5.846483212319571,-5.520700067746236,-5.586588950833182,-5.642166681027304,-5.937456926392135,-7.413618378709668
-4.832199786666153,-5.8102140077849835,-5.776559373447608,-5.961405902815505,-6.410404588385801,-6.1443786508358595,-6.306387244136161,-6.570070917066401,-6.775715038833033,-7.174438269538448
-4.557643892041205,-5.064944555202971,-5.256079936258128,-5.071877558512871,-5.502432060173675,-5.385959848894303,-5.587070825685808,-5.8294879346101505,-6.096229457135509,-6.482438093439115
-6.061579677173741,-7.04562736297347,-7.287042758203157,-7.528044126586381,-7.862863562036856,-7.682345806305282,-7.856174023531145,-8.069170699695889,-8.365212900981605,-8.824042046584395
-5.005883415889606,-5.869185902076263,-6.002606788790442,-5.766435062708364,-6.313902928567907,-6.0970548691961275,-6.338478471116963,-6.59935415268902,-6.89930010463193,-7.373276644436557
-5.717981183430287,-7.338407233352401,-7.695840848864135,-8.35256355591041,-8.810325949624179,-8.81467015565327,-9.034814457311793,-9.306080358268755,-9.687253388589395,-10.007628789129912
-7.020735478160877,-8.544394393255741,-9.187708173804038,-9.51568279890702,-10.248456881888279,-10.072568798283983,-9.992145939177991,-10.05684872587566,-10.223207415444614,-11.036535482150079
-5.890928459320623,-7.106923416086235,-7.558174761755034,-8.158278629030798,-8.529344605944814,-8.504297068970454,-8.730091905050877,-8.925689986136563,-9.190661510288988,-9.471550792776808
-8.193483088096203,-9.142954387017765,-9.967157894808858,-10.062459288545078,-10.487355516390389,-10.36548137799871,-10.565498585717878,-10.59169269217263,-10.656011793092638,-10.75278351540199
-6.021595523650173,-7.076809003499744,-7.380896629336146,-7.562738002192627,-7.926132373080394,-7.709559670708391,-7.870250810997683,-8.079778011065038,-8.345996676273275,-8.812659480291112
-5.172333180908483,-5.516144631176919,-5.50615139886731,-5.3302251657003605,-5.9312186239739955,-5.605018458917812,-5.788412585901959,-6.020067445866029,-6.261639561676847,-6.88502744162657
-8.94877346821412,-7.736411658472983,-7.735864524440618,-7.689277021153855,-8.65344163292356,-7.91324107498022,-8.05181553331516,-8.567930830509919,-8.603640060843047,-9.011424806311606
-5.431201924135916,-6.608558793271221,-6.7325845059115155,-6.6195342677072135,-7.053056040368211,-6.814947407179005,-6.97717008515039,-7.186756883507911,-7.375026567900626,-7.8044899516355555
-6.078453130415665,-7.013865468665381,-7.291805923344753,-7.524965112775855,-7.864376811584072,-7.641518011717188,-7.792817456433432,-7.98168102916207,-8.21306570192436,-8.732460596641628
-5.991092559240056,-7.478710562386123,-7.752723999969169,-8.365539946227594,-8.944224376334422,-8.844763004543625,-9.079052254737379,-9.289814421072988,-9.63234411416366,-9.978666947548303
-6.265603712239694,-7.061904016873296,-7.2699104983951335,-7.493752623462387,-7.730448661444271,-7.58842495261354,-7.675133746119078,-7.871352117989924,-8.101928180807603,-8.608241781680821
-6.334930479450027,-7.240269042586587,-7.886745770580733,-8.421820467031003,-8.886092498921252,-8.839528272681699,-9.022355901526831,-9.242709362785543,-9.522417893895211,-9.873461851720753
-6.303802186286069,-7.071608695795459,-7.195545304813914,-7.323171182368384,-7.502137778585938,-7.430596936146428,-7.548394288289873,-7.617311518969788,-7.936848454752712,-8.210284914571716
-8.252234094875122,-8.861581378682349,-9.658906345593087,-8.915151174622832,-9.498975064340678,-9.217631748705466,-9.657947191770425,-9.769666267923494,-9.854083568761702,-10.374180201265016
-5.720872905376131,-6.186210777183962,-6.122022733464348,-6.129413997209151,-6.584023867010921,-6.302011702504132,-6.467552257867812,-6.634229343184075,-6.912358560099133,-7.46793691718709
-5.14800645841792,-6.991781816322378,-6.97379154875506,-7.029852927717395,-7.314584638809951,-7.04631775790601,-7.179302672378604,-7.296744223058618,-7.457460152429462,-7.89485457606783
-5.095195554528511,-7.021446532592846,-7.637015884266145,-7.242068828377439,-7.393660393117895,-7.564405988177932,-7.353122978721351,-7.543066032572852,-8.007251047374954,-7.711126578812079
-5.0207222863123695,-6.263196654901557,-5.93322833977944,-5.877588376851462,-6.237662119762732,-5.925347910268524,-6.116261243963556,-6.180384190747221,-6.435188197161191,-6.926359303979735
-5.174785642453354,-5.527496161575991,-5.405660477258097,-5.165142199216859,-5.611337013274266,-5.435820356483053,-5.655401627898591,-5.886820732330985,-6.166528372238574,-6.585665864672361
-5.151923997696401,-5.426536893198248,-5.407979378896839,-5.184553969821674,-5.634452660217355,-5.443632901552758,-5.621547639771358,-5.860380143789785,-6.099563041566581,-6.553742754743669
-7.499937843398578,-8.57701691027099,-8.79422024005562,-8.896655462035422,-9.094099842773176,-9.111766573395672,-9.16249687387203,-9.380904732368492,-9.741527851661134,-9.9086293351249
-9.371155702355026,-7.986178969333917,-7.649913687925103,-7.5147226131208305,-7.762463894109948,-7.703098718348936,-7.775157469934414,-7.818940780068908,-8.477308910820025,-8.654634726762824
-6.320805005608327,-7.454576642285904,-7.888759490478614,-8.21958869952507,-8.605794293783347,-8.451558152997045,-8.621649913912178,-8.779002802177748,-9.078854256605643,-9.678118916821456
-7.222793446565835,-8.62818203878013,-8.906646885195075,-8.918458429768817,-9.277209230124122,-9.236607798969464,-9.45874580694713,-9.61808018321023,-9.811867790093013,-10.16141524364836
-8.538669010442357,-9.524701101129974,-9.328180382044891,-9.23687274278063,-9.886532303220067,-9.860701600722638,-9.747545415601987,-9.704287564987624,-10.157536210629429,-10.962499099315597
-5.890617705445375,-6.37932154216941,-6.335749142899588,-6.319495254368133,-6.695400409314173,-6.533868431280267,-6.7327974748853165,-6.859455345722363,-7.162758200496997,-7.641261020963919
-5.876759035349442,-6.655988164554583,-6.331907650674986,-6.353779511366937,-6.623164232424082,-6.347797404678117,-6.4688751126560815,-6.582897182071989,-6.719518392583135,-7.175754573061771
-5.771831454852988,-7.024011146967968,-6.90437801658723,-7.18473556904356,-7.137694978297192,-7.032474186991672,-7.478754638431315,-7.422415984901689,-7.810906593659545,-7.917323605409638
-6.234140998077109,-7.100056114594419,-7.247314808793032,-7.398978387420834,-7.689325673213552,-7.5573888347061775,-7.748732033671644,-7.845383855979652,-8.055359064140955,-8.480516453905102
-6.9662263062240575,-8.087743404446917,-8.231631628941953,-8.114872283226404,-8.772462486688134,-8.385429034578795,-8.51510801585447,-8.911364814169463,-9.223913433634456,-9.503959810203133
-7.067259821224022,-8.42373039555833,-8.473097360262296,-8.588565308237591,-9.033258240213806,-8.826370984929408,-8.947827173218394,-9.266319531226392,-9.591919464261096,-9.899899002257255
-6.1320224107359165,-6.940832048320234,-6.803566452979411,-6.885267962342947,-7.120190472502717,-7.101154611016148,-7.259692666969937,-7.437813993456747,-7.651648008371811,-8.064566155955474
-4.969003423418238,-5.870366160040254,-5.610592112783956,-5.518089150752659,-5.8981941545723355,-5.768142401307142,-5.95016121636685,-6.172706890548335,-6.440023662812088,-6.8558291048817255
-9.095700933954046,-8.849158714556,-8.644858472332805,-8.79406387741558,-9.461955608387155,-9.13252680312109,-8.902978313076112,-9.055679446684813,-9.416006009393202,-10.059281687645967
-4.910757163815319,-5.311118319215169,-5.185613677418374,-5.1738839901443985,-5.581534232397569,-5.35228609218037,-5.5399775104054525,-5.748702979890497,-5.989612270110582,-6.451530146593269
-5.206756673657964,-5.242302750274055,-5.108217738179873,-4.892125669719969,-5.451862887971469,-5.15110345516595,-5.349503065578861,-5.563081818026585,-5.803575427309104,-6.299513476259439
-7.859294985092262,-8.204034796694575,-8.103754335366823,-7.96033994267598,-8.216936594352209,-7.960510789244845,-8.34876073812133,-8.969032598919675,-9.027209980274273,-9.441219796010904
-4.6390576295481525,-5.319965125086412,-5.16785223305043,-5.123862642623905,-5.530546430132348,-5.355018274298365,-5.499970153502427,-5.725235816971635,-5.926880894699196,-6.423466702356832
-5.328674832680561,-5.584071861969751,-5.599412245313078,-5.31267845468575,-5.8367549916471795,-5.602639794355239,-5.801890463671059,-6.044075353965493,-6.312719202955726,-6.850683695642742
-4.6190913840611625,-5.101504236216572,-4.998886904336678,-4.956762670759993,-5.372380131633742,-5.214835083540252,-5.397184311587107,-5.649131116875135,-5.910435680233724,-6.425291968542046
-8.678053826370238,-8.344608068580275,-8.269275631167785,-7.753430177304628,-8.49811350552129,-8.03509647354064,-8.431432378765118,-8.838574500020904,-8.654724102641334,-9.325605043726457
-6.863344131882674,-7.680547398144516,-7.802944854658423,-7.735748668301825,-8.168303816425544,-8.411078895650805,-8.430088693698709,-8.883199465102384,-9.265707203467569,-9.476776338745385
-3.3015560142042397,-3.729087193913919,-3.6614135015832323,-3.5491285830830317,-4.098381938255791,-3.793870934504644,-3.9785632388732,-4.201553527916425,-4.431582731481071,-5.0383475790673256
-9.025429038781727,-7.905731943654279,-7.5596710430968015,-7.742486777409881,-8.315978994496701,-7.88278633470351,-8.059354847252933,-8.203730942543457,-8.454258184175556,-8.68152905272532
-5.055986570541587,-5.130221683948472,-4.953575082334009,-4.881854734209236,-5.274640080957891,-5.1168692585821915,-5.322940522635167,-5.565023732999429,-5.822003082049702,-6.290066597887556
-2.73148667461442,-3.9238586545451755,-4.132981906086259,-4.264915574210806,-4.704942477924765,-4.456570877831181,-4.5548112580319975,-4.64118877273234,-4.908792511672594,-6.0538679322161775
-4.464689026065316,-5.244823123045821,-5.071132592338374,-4.971287624047175,-5.3505089175756995,-5.127163717016569,-5.296914386564509,-5.457170012425312,-5.640351766488544,-6.0861017064063185
-6.079888558140841,-7.109814730368965,-7.2596491534532985,-7.463789793444174,-7.885464412264789,-7.529347579201775,-7.669331987864256,-7.847544779644872,-8.143778324030981,-8.702888642008638
-6.445758364708042,-7.063229561965833,-7.347718241339648,-7.4631869673782365,-7.799108384257902,-7.655816405913413,-7.846529412659078,-8.044315253154236,-8.28537856329129,-8.706652576940915
-5.436721766256516,-6.0609440964271535,-6.11041887623527,-5.957039971447279,-6.501436104273728,-6.2765854715579374,-6.498878411212591,-6.692480583846702,-6.951730654229397,-7.435099849607933
-6.395605473796432,-6.767551816457838,-6.847796133084195,-6.7726135047993345,-7.201863326696818,-6.976522032052167,-7.185235760103129,-7.376096582455064,-7.631565541730884,-8.138049660838895
-8.535180443207688,-8.300146006766372,-8.284338006438192,-8.043447378096928,-8.735149002091424,-8.430767513741708,-8.824268368872968,-8.614073163388316,-8.57897637163203,-9.67753288851521
-6.267436577839284,-7.026089200582764,-7.309174653503353,-7.469837334172417,-7.676933556951155,-7.578983704434357,-7.821749334954571,-8.04445530778064,-8.253267865872926,-8.564339972970126
-9.512075544385132,-10.707803329425142,-11.081700688674706,-11.246144000463667,-12.442076859671403,-12.233242358287459,-12.356306078621799,-12.3432033874213,-13.3558443054038,-13.31033330002621
-6.451778733130873,-7.220257951419048,-7.659020194869146,-7.87731076403629,-8.245495519823653,-8.016632267396096,-8.1595192082441,-8.375980080099177,-8.636964199196319,-9.021387450895892
-9.23844225346854,-10.371234553868904,-10.518815866098068,-10.84331097229838,-11.562404942098384,-11.460255828286506,-12.218035234215199,-11.897598193854778,-12.268634039539444,-11.815517990558464
-6.307591956213679,-7.097407809203215,-7.434746797650803,-7.585398167770856,-7.809944176166058,-7.702121219540893,-7.777425323770284,-8.050035736748159,-8.337728194829161,-8.656559774285085
-8.913063981102187,-9.32431809587148,-9.218091555120402,-9.266658002918748,-9.851488734968258,-9.438024885482532,-9.130397401102334,-9.496415764066745,-9.577198891658881,-10.312086038925136
-5.79635041930993,-7.077062936012577,-7.243831954366588,-7.481533970097931,-7.839140851237069,-7.763995206881128,-8.027933535654961,-8.254864918706854,-8.512976683392173,-8.950737474742771
-8.43474202296659,-8.525605839400157,-8.83737889968458,-8.69378942168248,-8.984418780469353,-8.68042332842801,-9.183805298249572,-9.017662779896174,-9.767639058140714,-9.887552555339928
-6.023746459834587,-7.021489577688463,-7.407460019714461,-7.601946488217358,-8.018343229617548,-7.80666734647475,-7.955021765544216,-8.175855467489512,-8.44281247824836,-8.938599896348702
-8.632343116182108,-9.909161008540204,-10.175263609998941,-10.794537953135862,-10.9272089245817,-11.286517738194563,-11.510406145091459,-11.317222457453589,-11.611449057050265,-11.561715866443993
-9.26265563312213,-9.08526355068717,-8.852464899667607,-8.408656966508207,-8.850966554683355,-8.091786252517885,-8.818648125711638,-8.5669938745731,-8.988510980499424,-9.341615903727062
-9.403117777536469,-7.9741714785204225,-7.983965920927503,-7.809911055568806,-8.499498931008265,-8.188926958904652,-8.70779875908665,-8.586502677281144,-9.136943389096453,-9.657542470972595
-9.266160531603008,-9.812615559668796,-10.053631071210125,-11.071986539701438,-11.690569333932055,-11.520033038174136,-11.671233417151766,-12.031826937319067,-12.453698343559074,-12.7092614005169
-4.64251935660471,-6.530546215558227,-6.545727316595356,-6.561067976749686,-6.754691201961395,-6.662215480304749,-6.765183059644164,-6.931033536862497,-7.123276638037829,-7.619790794701579
-6.040739087710585,-6.897325308647295,-7.419421604632418,-7.7332248279330456,-8.183100384823131,-7.920617704106492,-8.103238592384098,-8.26433899861188,-8.441040158888047,-8.912727769100913
-6.019532416244169,-6.939795640705138,-7.2255253266324,-7.724645328021098,-8.190370135838826,-7.932923190415647,-8.234536441983696,-8.461015663134761,-8.746742747841175,-9.092309506916767
-4.734714759914563,-5.729127092324086,-5.812606456484895,-5.896943320336452,-6.298973925913164,-6.072488978608862,-6.298013042155776,-6.43853994796903,-6.6533439811076995,-7.131453316918815
-4.52918088683181,-5.845971103836374,-5.685888835564713,-5.679743459381455,-6.049052174247792,-5.8011697715766335,-5.91494241407289,-6.087160521999875,-6.239898661032622,-6.647158861504959
-8.690510574869329,-10.006186625015118,-10.436625756251678,-11.411038184574739,-11.199703638584305,-12.165822695587103,-12.125964406724306,-12.209665623661234,-12.305878315266582,-12.16907560526747
-4.339965480468023,-4.621179086741901,-4.737740787037794,-4.972114020116346,-5.37508562798978,-5.288820205076989,-5.457848953898732,-5.624927044586327,-5.821521062794144,-6.267203579099019
-6.18360363356688,-7.170422054930361,-7.592487298104209,-7.851196359699397,-8.253175477093988,-8.065732369466302,-8.238294459562388,-8.442399324243768,-8.692574977279978,-9.186871942815634
-4.456853830297834,-6.181924752633586,-6.2381566551571375,-6.20804828036814,-6.560887459763023,-6.3553303614177965,-6.546442627471243,-6.728007028954529,-6.98319820617877,-7.4656356167086875
-4.685902006688965,-5.818300446460139,-6.127599627074206,-6.156970419524273,-6.5331883507727975,-6.174408995410763,-6.228545941245962,-6.1639348753705665,-6.384703612643273,-7.788256774471393
-5.395381209721861,-6.525781335767078,-6.852463605176954,-6.927310410890964,-7.196602922086002,-6.965391255438394,-6.960344595405374,-6.941176427718989,-7.224498771270553,-8.513263439744367
-9.176489222857313,-8.841754579833546,-8.553207623253398,-8.35661045991468,-8.994233720136137,-9.063231462897328,-9.151745171625587,-9.08582688146669,-8.870601494967383,-9.465511808497233
-8.977311310913539,-9.269417703731392,-9.240440444345838,-9.245634563035635,-9.938601792399934,-9.582039294150075,-9.783180183470177,-10.134061337205853,-10.146550496812157,-11.017079148590446
-6.1778755591232875,-7.353887211287141,-7.940836816573103,-8.345583216573004,-8.675787162364546,-8.675445944935744,-8.848894206820235,-9.08864451178253,-9.400916686544104,-9.67544361228641
-6.45908366352706,-6.200422023148606,-6.109863819088615,-6.098325740807541,-6.4673351116889295,-6.317478278210087,-6.475750104381133,-6.665391970973325,-6.9051177436441025,-7.372050684917004
-6.825012334955254,-6.51973927462065,-6.533307602479624,-6.3754106706199885,-6.712723677448752,-6.688800225172942,-6.80979116602852,-7.012507568217089,-7.285171879915088,-7.726119296461496
-5.420548594532876,-6.196316601940206,-6.124110585490158,-5.954764544824559,-6.26136136377156,-6.148441751601449,-6.319930280081293,-6.587188268987322,-6.82234397553859,-7.289890613078885
-9.800717072345208,-10.543129146639634,-11.014698547594797,-11.492088989791812,-11.940577558245208,-11.953781702482361,-11.928921183245428,-11.977744267798974,-12.530462377667652,-12.334810772257324
-6.554247715011555,-6.566727916712955,-6.602046704926621,-6.481785074626068,-6.819836456498036,-6.676375895107848,-6.838087834050722,-7.083643452925044,-7.321036775301896,-7.841377439622076
-6.46633972135299,-7.043606318438142,-7.43299895220686,-7.68897868321268,-7.954452231555566,-7.839260500142499,-7.978478289178518,-8.235491926672248,-8.520449526637396,-9.066674550970747
-5.191697914282167,-5.594863295432103,-5.579345720865791,-5.327423033844654,-5.764758123796347,-5.574842607511897,-5.775868467761303,-5.988712452881644,-6.225961709177049,-6.684194285181762
-8.07948566723128,-8.859130702123817,-8.889345597604535,-8.815503661542015,-9.422473376655521,-8.707748958521192,-9.152904077409405,-9.325001842567831,-9.27366155213796,-10.19790302512455
-7.173302962962809,-7.371020532627002,-7.183060741535436,-6.994249374617955,-7.200101307777221,-7.335485364976509,-7.549707815767778,-7.7787706112675705,-8.161426011575106,-8.393102347519273
-6.363157775690917,-7.227521062613811,-7.774802030908379,-8.174511602620603,-8.592074835952914,-8.372998057074243,-8.63728626382393,-8.896068757582533,-9.177225138001667,-9.62764603446337
-5.282496462453771,-6.697282276182836,-6.583661073671486,-6.573252780840052,-6.919593577061116,-6.654085729085693,-6.817038624563342,-6.966651618421396,-7.151941838231449,-7.6492461928086035
-5.256703127492067,-5.133869472734879,-4.928864911105696,-4.867278213626856,-5.291357150444741,-5.17557353621441,-5.368303311056308,-5.628485281018614,-5.898993373051752,-6.357545488877711
-9.88019468808907,-10.100969048847439,-10.67153943396835,-11.400323840899445,-12.105710051474539,-11.56850334145571,-12.247571652061092,-12.126745320138607,-12.308505976675407,-12.545086373123612
-4.951277636010853,-6.407562855305987,-6.212525831607612,-6.21948812997911,-6.443581871321081,-6.2464477749585665,-6.3856406241217085,-6.498927633895111,-6.677255483042595,-7.034760833994916
-6.123999796016444,-6.215751512823551,-6.1967798791173,-6.189573815472539,-6.610974195983823,-6.415665110754314,-6.583434212456519,-6.830818560806419,-7.096522655998491,-7.514317100946129
-5.847144345147842,-5.592387337137878,-5.638774796769548,-5.488998157811371,-6.049155705095262,-5.769788634765183,-5.965520571744997,-6.206440766883942,-6.446039066900129,-7.154627971229684
-6.3566112393147876,-7.173097353630584,-7.727047325348362,-8.373911609956721,-8.94481299347408,-8.760913926970922,-8.947828237006634,-9.187807531544484,-9.492379388939764,-9.917347336922916
-5.14228208381928,-5.820369630534068,-5.486983867715732,-5.502695177422074,-5.694756157017951,-5.5077428743784465,-5.680468579118873,-5.818068592147703,-6.018092083659896,-6.337185186743419
-9.157992905725349,-9.01561197074071,-9.147724237424997,-8.904442426563882,-9.487760919180277,-9.637588834463417,-9.540443188885378,-9.896527289496195,-9.93263892285254,-10.51811077285793
-7.877405157118692,-9.012882036929918,-8.317325382172145,-8.50088145394728,-8.618499278306377,-8.672112218344079,-8.51536678773813,-9.400225314085027,-9.250438103355993,-9.94778125780817
-9.185187275379997,-10.093094975039445,-10.989725565778016,-11.56829092392513,-11.923400836964364,-11.909450739289639,-11.979325955963057,-11.872555089090659,-11.81051765389603,-12.651420823376347
-6.271311833134906,-7.102913172435357,-7.546122604144932,-7.993639803146997,-8.257075139979667,-8.241126397321906,-8.356228227125493,-8.505639640059007,-8.744805868836254,-9.102943593755747
-6.247509865758377,-7.131230918606043,-7.535069755415417,-7.8027002362352995,-8.074212812981264,-8.016928287045905,-8.208813126867716,-8.408800640240843,-8.722467249393693,-9.136403661552983
-6.13182669087762,-6.8775436544007436,-7.0008414105012235,-7.133386002729424,-7.611642599406684,-7.319662478216434,-7.346182376655558,-7.710885043480917,-7.863015740322816,-8.372800351333447
-8.34005372155839,-9.866107625513772,-9.717303130476468,-10.492341944334804,-11.567095614956877,-10.764252689152446,-10.980563724974338,-11.075013311925755,-11.439026889241992,-11.894532076103495
-5.561680722572812,-6.844240919989526,-6.832176324766324,-6.870689266497481,-7.171299301956179,-7.015393397157234,-7.123431739165837,-7.260582359295784,-7.433370810354563,-7.813930291190256
-6.1228580820659,-7.128157204498794,-7.349344902462999,-7.474008427225558,-7.728090664672108,-7.5652860745309685,-7.670723827584389,-7.83665308836208,-8.076353714750605,-8.489480189011164
-6.234757266588188,-7.126914102286174,-7.514556792155934,-7.620790364211826,-7.9749306971948455,-7.7765053174342516,-7.919133947357433,-8.09529978936102,-8.350552501087371,-8.730172352117203
-6.820611558684097,-7.765000713853458,-7.932615066538319,-8.138072180310028,-8.511563699590134,-8.377330395184881,-8.389973438838867,-8.904385779655392,-9.385872930302824,-9.789177233274781
-6.136484566561694,-7.260455187666602,-7.688075301941404,-7.964201396640933,-8.253372704429944,-8.119085762663659,-8.276306861032399,-8.458027744911547,-8.69104014986928,-9.138210106075185
-8.580990937682875,-9.728229763249185,-10.27481311179252,-10.687185647734658,-11.275755190177525,-11.1381398102669,-11.352030678737755,-11.254097343033793,-11.593849144998421,-11.897842655690795
-5.322817956142304,-5.111367041770862,-5.083459888967986,-4.848136194248771,-5.314991403826565,-5.160767916892743,-5.35295950006603,-5.573158400914187,-5.8299628570931645,-6.30052232466508
-5.128669774913557,-5.2942691678863945,-5.18980232366091,-5.080954003678754,-5.477686364858095,-5.3160962185127785,-5.531479832273499,-5.720184741981281,-5.959537111784165,-6.4523593172498845
-4.749405154337147,-5.516412744466852,-5.265340677879656,-5.266372023284032,-5.669367595405926,-5.476565123308478,-5.638771607512401,-5.839245986484524,-6.080769337194232,-6.489507434132605
-5.818456600336119,-6.530736833044757,-6.415006093203947,-6.441885209609266,-6.7327151722346,-6.550765562988998,-6.710852905570399,-6.866272447354584,-7.061197495468294,-7.44694343039313
-6.166097736674475,-7.003171641391991,-7.248090147290941,-7.373893901660096,-7.614868007443424,-7.513344659441422,-7.655963251830163,-7.876652621884917,-8.088712111199747,-8.539384232362508
-8.772650686817139,-9.883160596321526,-10.546290662359802,-11.310221948664964,-11.573533740946344,-11.273070249362345,-11.802806150364061,-12.081052418690774,-12.214964902367173,-12.064009774227118
-7.480594700341193,-8.301218165493658,-7.987644042977688,-7.895642764396105,-8.294717581252913,-8.226313994356758,-8.447063685639337,-8.778034825616848,-8.298242284817004,-8.713869629869198
-5.251864586620698,-6.386948539312939,-5.983718805409374,-5.979766795361112,-6.166702970299842,-6.0112612697133745,-6.143649397385289,-6.254979651527063,-6.457765554822659,-6.8753128329337905
-9.36486644130629,-8.192260734755031,-8.012130860616741,-7.794070893993345,-8.495816672182917,-7.88046770768429,-8.5006381760643,-8.443454671097921,-8.744646627763803,-9.161264222984524
-6.181489055846049,-7.209405808907611,-7.666708332599605,-8.174344211484817,-8.586373116990389,-8.403392587804364,-8.618365788140368,-8.767307562772597,-9.069642691474298,-9.498689180235491
-8.73623944790985,-8.545837621837071,-8.833911688726417,-8.582360407192319,-8.779177789698295,-8.242737611997041,-8.823527826673802,-9.073238358706886,-9.188136398841737,-9.424946914469201
-4.716732474265786,-5.231325079227435,-4.9342838032823675,-4.992817564239253,-5.492840365641712,-5.192012636365671,-5.362609793616156,-5.6218633782296,-5.866607461051412,-6.463911408804445
-6.163594926809921,-7.1149456147905745,-7.471633584448744,-7.8556418418648555,-8.170999444317959,-8.106458932583497,-8.324762539757439,-8.570041979833217,-8.899821450967908,-9.28184532254731
-8.608228840004323,-8.667204341847265,-8.806885954377313,-8.820034057119177,-9.059200942523425,-8.836104712493174,-9.3435264920467,-9.117152143034831,-9.574838906271756,-10.15257714372233
-9.511850647833741,-10.569083437822211,-10.795466483745779,-11.331155315014003,-11.826700512109076,-11.709678424904414,-11.682981505248785,-11.977759368802612,-12.21529031420855,-12.345724626339075
-6.071712574729037,-6.525165110388859,-6.5702865955442675,-6.587508973276339,-6.871034016298257,-6.691831860113891,-6.874039992702516,-7.109952094416117,-7.293347744612063,-7.621226111162491
-5.051780050069993,-5.030824161741834,-4.877917834125548,-4.762000405148233,-5.164490783436397,-4.985808708359342,-5.1833620308668,-5.370674921354818,-5.598361756159393,-6.040437543099795
-5.435139539732769,-5.693370215583604,-5.566880779441509,-5.467936229494196,-5.811412941971691,-5.608547363570115,-5.825028514882654,-6.083387448480767,-6.343277998994119,-6.823864764877466
-5.670403212956978,-5.259114398491032,-5.115913922163236,-4.861399903684475,-5.3809171580829585,-5.179880511946956,-5.388818759112383,-5.640158125833975,-5.8976361768833465,-6.452785513391263
-4.670709735062489,-5.859342645214944,-6.152336751596677,-6.127991938483116,-6.469179747178803,-6.06438029803111,-6.099354953166321,-6.1202876827566275,-6.37094610821821,-7.723618007044182
-5.550834834567455,-6.553528887440203,-7.370415272879473,-7.524752306895509,-7.839972478515498,-7.955766477525175,-8.01436605873834,-8.137927717912364,-8.410796792142575,-9.753754803502162
-6.444812186932087,-7.476341124021608,-8.319211068027093,-7.8915571138031755,-6.349342727225801,-7.114349367397919,-8.130562273575212,-8.666628229167195,-8.975899679822327,-10.281066320607328
-4.604867559486101,-6.16233065959868,-6.720605398012223,-6.702119041283152,-7.029914277171078,-7.00146976898297,-7.132609187711984,-7.273549450230866,-7.514971748171557,-7.914927728870565
-4.714808136494403,-6.006522418608394,-6.461481286460594,-6.679009743606352,-7.14325046157282,-6.9789017666608615,-7.175065098999407,-7.4556571683883295,-7.681334388486295,-8.138234698639911
-5.07485975250461,-5.393500757143776,-5.322107178600739,-5.382892405916009,-5.828312764805213,-5.631421354689057,-5.847545837761025,-6.102561316383329,-6.410272168153205,-7.017155840551035
-5.430306891099846,-6.23421785431991,-6.226961162614745,-6.264801061729063,-6.674477141347587,-6.471801312881716,-6.678689961995976,-6.956159119032406,-7.218975613120054,-7.870441485220799
-5.411520358416626,-5.731633923082332,-5.651628425780861,-5.70720827502995,-6.1929837319730705,-5.959019017510504,-6.1832403506179405,-6.448296631131894,-6.747095714246302,-7.382005828837191
-5.772918594803178,-6.118792105088996,-6.01282037064664,-6.066857362122657,-6.451546585924002,-6.315848381755243,-6.503186622584629,-6.799548976802373,-7.079761059087538,-7.650591731872633
-3.9101087064830606,-5.166841513667195,-5.635768066123165,-5.847889185917422,-6.344512109290407,-6.061453845350509,-6.173828448010143,-6.234944083525314,-6.503582944429027,-7.848370504227997
-4.82376844847715,-5.864355086328066,-6.227122636701794,-6.420520534426868,-6.952878199463018,-6.728125156627035,-6.867749000868174,-7.036231257237882,-7.348287767627101,-8.787801886655275
-4.321559183579752,-5.912499171429887,-6.599436747287497,-6.8969820699228865,-7.281985556830903,-7.10236794411176,-7.207918512353529,-7.258978947103373,-7.608897921342077,-8.842813911849065
-4.292342654670623,-5.243150089932244,-5.488993592902577,-5.535000980708046,-5.976656500788109,-5.597763116616073,-5.646400976165209,-5.663224751646286,-5.941853789414695,-7.414792434828962
-3.1875525269809026,-4.407752378436758,-4.805692524047484,-5.004709974907179,-5.532507743258362,-5.250102782242087,-5.327650589988982,-5.421656497722069,-5.649783673538182,-6.2285218496460315
-4.569993712034361,-5.642846510580724,-5.8707026035024885,-6.006612592269424,-6.285600667168768,-6.052141739023519,-6.096916541750813,-6.163272534654858,-6.450122623693836,-7.876557826407896
-4.7121623345548596,-5.575662076323478,-6.140913679183954,-6.412996749501849,-6.836134657245998,-6.51917408344926,-6.604695374607081,-6.697776735674548,-6.930635800994674,-8.022514960224843
-4.013108533548737,-4.899528433857311,-4.831661563840301,-4.824638889020999,-5.1711736128666095,-4.846637624738505,-4.8460772665142855,-4.821827498548724,-5.091148936512658,-6.531605924506796
-4.65431832912168,-6.022376774611084,-6.779121480071639,-7.167116878245815,-7.505229800504544,-7.513468472193338,-7.728582356198752,-7.984293241786581,-8.338327135232237,-8.804674408195245
-3.712776891026876,-5.773342938592544,-6.541940892963221,-6.607326331843473,-6.921162891174362,-6.901018037958367,-7.0772756284609315,-7.205721852637054,-7.526060138205051,-8.865184201470486
-2.4879826563519285,-3.318343669940858,-3.9028541198855145,-4.523507120325695,-5.024281807628778,-4.988020984053591,-5.280548124053782,-5.72417419521404,-5.665864118143191,-6.047413319801944
-6.71326174605934,-7.9955955877776725,-7.936036945486185,-8.129967078456641,-8.327389211441368,-8.210567268344871,-8.278248461905534,-8.399339658138372,-8.75041875494334,-10.070224627327722
-4.978387795448769,-6.181341504836849,-6.44080872424902,-6.480394940536159,-6.909924671600632,-6.682432009254234,-6.764033283223935,-6.8742527503080835,-7.236868413850677,-8.674195848704988
-5.743348384101103,-5.713879041696766,-5.797828194078865,-5.7917624969490245,-6.07795716426596,-5.863471439105495,-5.881637216469807,-5.907593018125633,-6.133491281861061,-7.265783238311895
-4.996579710087196,-4.939903815106368,-5.076039468132768,-5.104589823074084,-5.46621727221911,-5.168741467258621,-5.213413571850426,-5.254347432409859,-5.47818518463027,-6.676872237104615
-3.553022536268111,-5.223374143258562,-5.556231634440595,-5.797133025932741,-6.325176525094783,-6.0541250563536435,-6.141996925240783,-6.1897505737605085,-6.426346665362231,-7.6003393585477586
-4.676547301204369,-5.732431573927798,-5.750110846948961,-5.676478530848851,-6.044058782798478,-5.659889091269071,-5.681540091196704,-5.69592024927963,-5.919391702313516,-7.170926006311324
-4.695131671185341,-4.629454839248734,-4.611755146052568,-4.644896334643703,-5.0567136652957325,-4.811249820970927,-4.913128865228238,-5.017330003276248,-5.332130046015804,-6.712587782198054
-6.932346070390916,-6.02789315870204,-5.968200682373673,-5.993593407635414,-6.201311674172044,-5.986759197269419,-6.055448640990789,-6.112635954683599,-6.395244398007132,-7.627921764781739
-3.207813075314795,-4.325606461002344,-4.358105901535761,-4.41972407171196,-4.69558393253514,-4.518448659548991,-4.592743312096076,-4.630024593421542,-4.936934218323545,-6.206641193423599
-5.624024088888246,-5.772933457499987,-5.751702431176597,-5.860428859139722,-6.225621037535673,-5.949306132876924,-6.025627885701727,-6.048524060167384,-6.309781089758539,-7.67988541052461
-4.351877760190224,-4.822650264107375,-4.852494844480354,-4.881743048681305,-5.211557978801507,-4.958453781430433,-4.9929759635738735,-5.01803280746933,-5.257177226837206,-6.644292159772848
-4.270461465302179,-5.592540510829495,-6.1356683554996145,-6.21843484659805,-6.606605399184525,-6.250357823438595,-6.279492500434238,-6.269068845005569,-6.480794066307239,-7.610879420664416
-3.8741416671686846,-4.6474477025252625,-4.305228331010621,-4.2317181818638785,-4.769176668164345,-4.421214550391227,-4.616067853196955,-4.775704913288311,-5.1834847184099955,-6.775299686911462
-5.830278885097376,-7.371432033185564,-7.549980056860878,-7.53962775665667,-7.773573078937041,-7.64826133662593,-7.712366976457204,-7.721586484570389,-7.886694412990945,-8.637501946927136
-5.269414777917546,-6.918822416571659,-7.130302117731617,-7.110082661171648,-7.412784478035679,-7.1621281431323975,-7.212452305031859,-7.199168943054015,-7.336354203368329,-8.203821649578606
-4.030007386563408,-5.406084329715509,-5.874749376108932,-6.139867132678322,-6.6119607580978315,-6.361651542108499,-6.448477127157174,-6.525987625857537,-6.6694834786776225,-7.225326451081522
-4.851915844979281,-6.297179538260094,-6.27613692243584,-6.171995007228539,-6.504336760455124,-6.0868449821835044,-6.089104465878291,-6.125724859222072,-6.452557005384097,-7.921010162111016
-5.471667798411865,-6.971444309271243,-7.069556226354232,-6.916943875235595,-7.205442164364573,-6.862307739611563,-6.83448003422646,-6.9030794458646865,-7.17066419378482,-8.575655628329004
-3.1027173169871873,-4.2909874767297,-4.740118126791477,-4.962430434720568,-5.490444044140034,-5.47942784056838,-5.427489868163958,-5.859523707946998,-5.893172791269868,-6.850146288084043
-4.730114924559747,-5.657910713182703,-5.12465596511772,-5.831636212893681,-6.527730467880199,-6.261121307713032,-6.318664521598291,-6.360015883760773,-6.657569915754144,-8.051180801367696
-6.114488479171636,-7.138238469315902,-6.653348210548284,-7.197714587076292,-7.753045936749675,-7.506176457833668,-7.64907000420706,-7.673676750060537,-7.9725307589349805,-9.262688810286553
-3.9926796487159435,-5.116119608351541,-5.4125103849296945,-5.435116193687669,-5.800024795026258,-5.419851112773991,-5.4589190097677465,-5.462953825941934,-5.694574711708503,-7.080224059828903
-4.254150770692102,-4.858848108348666,-4.613447553326181,-4.570917807319202,-4.9823129617358655,-4.579073723211798,-4.588479866544516,-4.595979428557502,-4.843569179547918,-6.259901546123348
-3.720207395318836,-4.902175154014073,-4.887536910647168,-4.7820938518344605,-5.262383425175209,-4.940897979924149,-4.95741285839385,-4.9653541480812,-5.20737309103123,-6.474444524125844
-5.3950379695183095,-6.131398739409243,-6.005957559622719,-5.940622713311156,-6.280899386304974,-5.979689144134868,-6.043761674238792,-6.0528726647065225,-6.291509428428461,-7.5279982767712
-4.420437110357292,-4.845212930149288,-5.058739522743194,-5.1487106825740305,-5.600303891014319,-5.430091870757864,-5.596954428224002,-5.717238310430482,-6.086309657167767,-7.50108018247009
-4.209446928889006,-4.535418602016075,-4.745339134378056,-4.862988315156035,-5.396476152827873,-5.120330258491019,-5.260485838284306,-5.394135659595434,-5.714970689686085,-7.194546487303561
-4.501717616321266,-5.436839893161081,-5.468697799389717,-5.351277648029052,-5.775885698556243,-5.238297489963249,-5.371538787167509,-5.477884931160874,-5.8516258091057445,-7.486160485313204
-4.284150179196293,-5.784953930613532,-6.1190213987966215,-6.121323585268264,-6.465330850869471,-6.034376770202973,-6.04067129395667,-6.038570090716311,-6.281319438970123,-7.744911687291007
-8.297150195600032,-8.722943166215227,-8.950095148926122,-8.936401421366341,-9.192840269655708,-8.871446330893928,-8.826130623260386,-8.658478227907038,-8.501030325239787,-9.058356876005785
-8.095875933438831,-9.107615818522591,-9.413883406013166,-9.455761114868507,-9.726797363141621,-9.399347206515555,-9.391353712345206,-9.24687767414602,-9.059020051656542,-9.510445592956437
-8.067577763708536,-8.872654633294427,-9.151612603779084,-9.164370354668815,-9.370913941688041,-9.090783093753132,-9.062814580732214,-8.905168918479452,-8.73279344599102,-9.23336804716319
-7.773458610125259,-8.281405188177658,-8.515672938237937,-8.504390597687271,-8.773692158762083,-8.45068816911741,-8.402338193209784,-8.231756882058404,-8.065789806380668,-8.576481735144517
-7.068046984052097,-7.8741459131034865,-8.025957210537754,-8.004999168602355,-8.34018598564316,-7.9476621692444835,-7.897002400343586,-7.732190254546513,-7.558608604369529,-8.196548989491506
-7.199442257283465,-7.472159408810912,-7.457950721512571,-7.4686314767618684,-7.85976298567399,-7.468247607949672,-7.443234447657825,-7.349452735187557,-7.276808275846266,-8.059076558624227
-7.762957163829421,-8.216343859066567,-8.19096449106645,-8.166660879155689,-8.463160802328979,-8.116879143744386,-8.101066472076715,-7.995356569976773,-7.90152767887095,-8.606433146808243
-8.13849274759558,-9.476620392553473,-9.802380957707957,-9.905643503342315,-10.16381051967755,-9.987471133086133,-9.922175137455445,-9.81070755018118,-9.85678704648516,-10.282259840840709
-7.451529414229415,-8.345032332831932,-8.415524617507748,-8.382678924575798,-8.607338996056816,-8.321948915929944,-8.306507461012217,-8.228166522967719,-8.147517067853043,-8.812541550561921
-4.378202580574359,-5.993808919864707,-6.005890498202297,-6.132921400237931,-6.589626674303011,-6.289340389557267,-6.401799615758499,-6.525583382067174,-6.883471851777312,-8.338656570565085
-3.806477000445861,-5.332611175571181,-5.422947807057173,-5.37487859705531,-5.772529273421482,-5.420293349365227,-5.458202108674653,-5.521216830645537,-5.769373008221229,-7.117028890637542
-3.8314367309503634,-5.996572421638459,-6.817493934286067,-7.078684100410772,-7.414588347056723,-7.129984725935812,-7.165319281318568,-7.174702230271084,-7.314910983586563,-8.22094010268404
-4.20840934940321,-5.226928573566222,-5.210982714037153,-5.17850781566518,-5.5221549017723595,-5.151512789632936,-5.149216430436921,-5.17686474392267,-5.4335951665123305,-6.883773702710636
-4.171368094817819,-6.312666183392725,-6.9474868229437785,-7.0477848148639515,-7.283673681509954,-7.024461293847977,-7.0448074891801795,-7.0795991897459825,-7.231932762759282,-7.999838870015032
-6.8151572012884625,-8.375581973118146,-8.890904046939237,-9.16518417319643,-9.423091395235343,-9.157702444984432,-9.42440448268007,-9.386865615195783,-9.368080386551883,-10.107076045893946
-3.961406625628185,-5.1447126239375365,-5.9261041424896925,-6.17045922202904,-6.495031287365553,-6.728355049784162,-6.715882754359257,-6.85091609122815,-7.137994424929993,-7.49889584832524
-1.6022229151769996,-2.5577784585563217,-3.1671406769149857,-3.3712967336843143,-3.873937747576377,-3.811418775173951,-3.894153241741127,-3.951382686160735,-3.9644382450990863,-4.303668177005208
-6.167803621469524,-7.487391666210102,-8.265501875691973,-8.93052592469187,-9.416213937802906,-9.5700348003709,-9.72874009651904,-9.7732395025629,-10.105941370281608,-10.888047337784236
-3.2974480161192963,-4.664462083801512,-5.230920184545374,-5.63951047578966,-6.0630160984130645,-6.0320542448831995,-6.331014527688374,-6.452678132401182,-6.76481946111459,-7.892631255571215
-5.1709113157569515,-6.728485044188598,-6.85274047429166,-7.0018348111369,-7.2937137896371915,-6.867791395565678,-7.018288908206003,-7.075305685595808,-7.405292606347094,-8.645947413530882
-2.552121460512154,-3.9981298122818862,-4.843433826344626,-5.027059417689862,-5.544093374782423,-5.4628869219492495,-5.783439558475006,-6.035905006418127,-6.185523891844589,-6.799797589964146
-3.3041644961545558,-4.733640663213364,-5.358407979025106,-5.619192134043547,-5.849069299004497,-5.533876604308639,-5.472625969577983,-5.481769009646831,-5.70460231252128,-6.242391322584056
-5.5644142560050724,-6.919898156097453,-7.446061856177207,-7.790366497397275,-8.343362883077075,-8.130361140345002,-8.248306003294196,-8.35603051630344,-8.370586258923083,-8.78785109147886
-2.899181130541099,-4.152249143602919,-4.810109876275685,-4.990698123889711,-5.776790444595599,-5.686387974304634,-5.884392568312784,-6.015044090228506,-6.018178552400634,-6.803507598646996
-2.2426771855374805,-3.3128877288526333,-3.8917830086811946,-4.183218220204602,-4.7208894988175345,-4.619024158540516,-4.751887556447947,-4.8349874933916865,-5.119667276390622,-5.929497312098443
-4.0090568745810184,-5.295992695555325,-6.0162510237791125,-6.3000564909783225,-6.956502709959458,-6.840316739847087,-7.03665021609992,-7.171489099785464,-7.41690759625338,-7.838757873677622
-2.6697489738840776,-3.944953763000888,-4.566325345955364,-4.975480342225904,-5.44709144872762,-5.455665676840823,-5.734817830776932,-5.900754154037554,-6.070217760650042,-6.994470539046005
-3.0211860261034555,-4.401460895233723,-4.908668754215535,-5.242104635568714,-5.750830667876418,-5.7372748700909835,-5.8093685230824805,-5.968191174650957,-6.100816135620351,-6.460494596861575
-2.7883232070220227,-4.217502402173455,-4.455998203108816,-5.142419016105542,-5.529926910102077,-5.339462593904431,-5.775159974450847,-5.821125180673812,-6.000557863343675,-6.47374562481097
-3.121647611744928,-4.186815647394639,-4.793285223962604,-5.355054530301347,-5.97751879909057,-5.799634724000332,-5.813492558797808,-6.17787245476136,-6.413504224781566,-6.673198958865084
-4.506813561865817,-5.648129822568574,-6.031538600752568,-6.171192448400971,-6.701999986133603,-6.460862489017893,-6.630526867322945,-6.642273319733826,-6.996321169904425,-8.132550643008221
-5.603704220644525,-7.160862378766574,-7.645938629973828,-7.742070883499368,-7.695624755706611,-7.607202208378056,-7.7966303784321545,-7.887571741293909,-8.156172014129288,-8.991074951633978
-2.81487417411534,-4.024204864807487,-4.233259628271806,-4.685229410127695,-4.7545297452051445,-4.872117469502485,-3.822216327643005,-4.705875592426828,-5.361806786254713,-6.0892937458092735
-3.7471927145032184,-5.145136969828095,-5.56553387396417,-5.950049235661466,-6.501947593440964,-6.505479365927225,-6.738692870289528,-6.832730929717648,-7.340238874348443,-8.171667643917957
-1.357022925132219,-2.5625829901180244,-3.072499306400363,-3.477506109759032,-3.846305175121056,-3.7737197180972584,-3.9650717578588437,-4.036571488946964,-3.9812034345821328,-4.553466211992469
-4.9252734634244355,-5.66044179634446,-5.771343094532542,-5.754381743371316,-6.1111497546181255,-5.812358366464928,-5.890068758222042,-6.064265161795983,-6.4102125522637525,-7.9376988976560705
-7.011782320416287,-7.916581458957358,-8.665052560001623,-8.75645299199604,-8.896004094515,-8.831809977357382,-8.955473506703445,-8.87108316202542,-9.346702279452737,-10.542989793511085
-5.0657308758095345,-5.777631018747588,-6.183098744062813,-6.179486544497178,-6.436096705327172,-6.156306415923238,-6.154132246661891,-6.187047681457489,-6.495716752544345,-8.041247266485668
-2.7393287941829874,-3.98215765258064,-4.6574206387246,-4.828999467453391,-5.7213468150412385,-5.379549378981826,-5.557239672730385,-5.728007806097639,-5.873382076462473,-6.473661211152093
-4.976806605272492,-6.363094695244003,-6.823388107520873,-6.874856699449727,-7.170644802562571,-6.939057493796542,-7.033965151465902,-7.169470478873926,-7.53732061900146,-8.890186158070401
-4.482197687703208,-5.792518147363707,-5.984193006091984,-6.013684421491032,-6.424380414627113,-6.148282511320425,-6.2454839755343885,-6.320228166555926,-6.645355113066143,-7.738881312254167
-4.356291694675049,-4.869496054473256,-5.290789166740567,-5.414106418732189,-5.789221316173621,-5.5091428529805455,-5.577413429835015,-5.645228120028107,-5.950650754388062,-7.380197717446082
-3.8629106391099044,-5.252023469731143,-5.076661480082689,-5.056039352970927,-5.610451050092429,-5.425599777616664,-5.592716720580795,-5.668580946988622,-5.947397612022768,-7.470611112000706
-4.210295923042723,-4.874739852107201,-4.904922379195165,-4.852429466110605,-5.090293125854066,-4.758078807980262,-4.715175398199728,-4.696633805834312,-4.909637549346449,-6.117920564297242
-2.7314851994590144,-4.1842530346647075,-4.38756085147026,-4.831122211630352,-5.237748816789735,-5.009264492814316,-5.219793227422081,-5.201780918859692,-5.554740860564566,-6.241227352380047
-3.1659514052270614,-3.90687152220001,-4.004848831512396,-4.2599082723537744,-4.67199039735428,-4.3169082228448685,-4.389323898004819,-4.425842718998346,-4.4594330883068105,-4.866021470067677
-4.670810984739874,-5.295085736948243,-5.118745100463008,-5.3143145002450884,-5.627619244206247,-5.428330032263826,-5.491242701400959,-5.567654341259889,-5.586002365687361,-5.9601770678443735
-5.041538223741333,-6.0257920272265535,-5.92489596557821,-6.154252782100983,-6.35909662416181,-6.150516390284948,-6.2139330526958485,-6.281952458221939,-6.565780948995357,-7.787293534623064
-5.620330871848175,-5.9297795217617635,-5.765466271171635,-5.690245283290264,-6.032148660556761,-5.873997876840579,-5.956824707676939,-6.103947631377827,-6.420325629108649,-7.837054068363595
-5.155994173765795,-5.736578619195374,-5.684639730815481,-5.714318234017363,-6.066417605493027,-5.865872858377659,-5.929386110056737,-6.090726313382861,-6.399753138182368,-7.820340621791563
-2.6897246279593325,-4.119278978573185,-4.666522616055065,-4.988924981944457,-5.664267883288184,-5.416489447538283,-5.511139916016307,-5.60409750828663,-5.794202636470915,-6.488918121103705
-4.6590612481500315,-5.722457850054807,-5.949138710109341,-5.915202518013402,-6.227426700956976,-5.95016694909522,-6.008157702550948,-6.019643141052668,-6.292343355394872,-7.773651190866437
-4.786582308878614,-6.082062260751014,-6.390704029159866,-6.551563968031098,-6.867346266875598,-6.559376836835917,-6.556714654377861,-6.5767737750671404,-6.8262950296601765,-8.177570930865956
-1.408297566047402,-2.4404358404123583,-2.885036933133474,-3.1164781105288997,-3.6119775039403224,-3.4854301187959194,-3.5756462669628513,-3.644227207230954,-3.845068247209785,-4.471481713485311
-1.786698468497509,-3.0221810380086573,-3.557416355537246,-3.73205791425321,-4.208015827171123,-4.154226908543047,-4.32868171768177,-4.494747925444995,-4.7182563543216585,-5.290935004515892
-1.3598604216832701,-2.595350048021653,-3.095289855344892,-3.4134843613462738,-4.101224100110819,-3.8484728438648004,-3.9966226432799417,-4.0213139372626605,-4.199109930581399,-4.789429914789832
-0.6525198004832949,-1.971606520191916,-2.5310827426914693,-2.8639859892849358,-3.7177631918716734,-3.3482104400031347,-3.5032930339145256,-3.642816363356103,-3.8150944614444624,-4.955626066873577
-4.694397709391165,-5.62085444167404,-5.85395684381241,-5.896287453291731,-6.302910595253414,-6.021999891216235,-6.104338059777614,-6.181319834132973,-6.513329069808724,-7.954905288675157
-5.765207256302281,-6.381475651753587,-6.280589490128494,-6.295116857752307,-6.566877855406972,-6.514151595431194,-6.579366173014526,-6.724981263097572,-7.0730143623571715,-8.588607188165003
-5.650865448266104,-7.060351944946202,-7.191384264363692,-7.2441356068755,-7.550306723759634,-7.491514623667828,-7.7495487173721,-8.021719290660874,-8.101846078580651,-8.44621585469744
-3.7112495760111,-5.2395191702632475,-5.445442315967713,-5.530882613276742,-6.01779284743416,-5.83092606726993,-6.002177529315907,-6.201127340575378,-6.3864259814009054,-6.846390546248409
-5.380363571095128,-7.130784088980295,-7.575035872475253,-7.838919832934862,-8.112134676924722,-7.99192820487137,-8.101485327662207,-8.098852716253612,-8.375154259132684,-8.792068021145935
-2.9562631108220807,-4.561301825002618,-5.101372449434333,-5.416243658987459,-5.816085799366644,-5.685288370939096,-5.7857691070416655,-5.885856805583894,-6.180496098728121,-7.445143674722938
-4.780257228072543,-6.249455866431525,-6.415608320467098,-6.4010525582013456,-6.832195773682557,-6.359187106461853,-6.364066916567687,-6.428070302801405,-6.732522266843575,-7.889897969400925
-4.739432971881399,-5.6253785079479925,-6.073020797749698,-6.226359303023521,-6.694731353293381,-6.383702836031603,-6.482541494154268,-6.495596083994243,-6.842003089102878,-8.210315523849916
-5.576817603343382,-6.3321581342666775,-6.423954010594578,-6.556506414963291,-6.907628085639435,-6.924084633109648,-6.994405299290608,-7.170788817565274,-7.424683547911522,-8.642092754866242
-4.2548641888329195,-5.247734805922843,-5.560893612835111,-5.567393060696346,-5.912487028816688,-5.609988021255923,-5.73433514535013,-5.762616335138889,-6.071612842822683,-7.576960613450665
-4.805055708342366,-5.060015740497064,-5.107696946952635,-5.0404639832508416,-5.556010137182211,-5.105947097713525,-5.216644005783864,-5.284118506203447,-5.584582023821005,-7.191289971374427
-3.3022319508717604,-4.68873200466052,-5.172461745986522,-5.482912040575843,-5.897460128565523,-5.8240858947143614,-5.973637533307418,-6.059904654266161,-6.311356775301703,-7.298117250914859
-2.005036588418333,-3.3009714250349615,-3.6646225051590124,-4.108592555523372,-4.27762092257179,-4.542232120081712,-4.884327010874874,-5.0657307353386045,-5.180115776754793,-5.498520034817579
-2.1623402923461397,-3.6548698782219495,-4.0682314896073235,-4.27359878641429,-4.698010977594074,-4.576862546361826,-4.737602134226975,-4.8416855765588105,-5.158888871872875,-6.45590968250108
-3.5589349638841243,-4.935832417635687,-5.267780545851344,-5.273413326202693,-5.712037927709499,-5.750204560549016,-5.87862702470857,-5.990883540887613,-6.395961648774306,-7.293310595098624
-3.5843940913231935,-4.7902362768384945,-4.912234645048214,-4.901439281296853,-5.354817404472779,-5.184264632481353,-5.2570742461887,-5.391644203948075,-5.707725981818462,-7.288878040049355
-4.532341445404044,-5.606301500403765,-5.5446815617364145,-5.683639972676444,-6.131415018490984,-5.884636126266037,-5.999388441626876,-6.18753335667823,-6.508908213460174,-7.831864800232706
-5.055673461187868,-6.19636710108746,-5.948151542677229,-6.092004828472467,-6.411136815667332,-6.248889276730993,-6.406773364546163,-6.503465373246406,-6.928968328044236,-8.27878328015246
-2.680409053602686,-3.694408641781223,-4.275632871432561,-4.562087546110437,-5.0538769884877635,-4.817052683985237,-4.910664260933783,-5.026178732612501,-5.043620375071988,-5.518028265521476
-2.474626306002438,-3.711571066829169,-4.186017817148273,-4.218743641237613,-4.703737312872357,-4.800016224223151,-4.972864928883807,-4.72773091863051,-4.829682347626851,-5.588352818625855
-6.85245318982558,-8.103259148218408,-9.331838684208979,-10.183519144866178,-10.766567257744176,-10.91872252117105,-11.115241922972588,-11.203845821074111,-11.328085742653338,-12.053270568404375
-1.1103216953883719,-2.19447586538075,-2.7769056991137684,-3.0646470765662266,-3.092327230658108,-3.2734552938016592,-3.7101060715255016,-3.885161042868568,-3.9406880459311475,-4.345719076254073
-3.2829020555150974,-4.602072222190894,-5.181144695942091,-5.578495379011058,-6.094175719423233,-6.131927825953906,-6.323403987530446,-6.41307364503245,-6.493135898031271,-6.849403054069088
-5.7009321961762005,-7.18194896468429,-7.585036698735499,-7.632597033881394,-7.974401863931658,-7.753681937210171,-7.895477919822069,-8.050898470988056,-8.527207160835266,-9.916733187557153
-6.0510886300353945,-7.031465715880232,-8.33540144461992,-9.140751876810862,-9.731838793450697,-9.799084982829953,-9.946389835039549,-10.058573181697415,-10.27827595710644,-11.437387340428279
-2.6562565458201903,-4.084497011491145,-4.734933047929135,-5.223556622576223,-5.746638928008127,-5.993666362199683,-6.189204506724923,-6.190926270600272,-5.939738941389942,-5.982311648915882
-3.2163733572112956,-4.562311261443177,-5.158479723880142,-5.575331441974655,-6.046042541357686,-6.140005977386602,-6.350501860332583,-6.462600388727245,-6.495831754712124,-6.928027491320496
-3.2389176718575015,-4.360622718468102,-4.755454225352455,-4.983043293164824,-5.432426482628708,-5.341436091476456,-5.384675338282856,-5.506201463383292,-5.606666326428986,-6.038976863063169
-2.955965855080132,-4.403103872527107,-4.8786903162831985,-5.4606992833165116,-5.786279951692588,-5.788891773479721,-5.8880889498289095,-6.05606093577699,-6.351366201206661,-7.068307528879914
-2.7460379072863113,-4.087647199297095,-4.752995547441635,-4.9248244799167615,-5.486007511041738,-5.598627995058742,-5.729995916411915,-5.891441063718966,-6.051838535545868,-6.786969364200718
-2.889104283011121,-4.221637416229807,-4.835218367031307,-5.041798103248597,-5.429585433423495,-5.40226765309734,-5.658156626279541,-5.491347440981651,-5.82470008500838,-6.9489324596009965
-2.9197171023437476,-4.321108074507445,-4.928652309991752,-5.0590466635556375,-5.519951858534872,-5.553635976496076,-5.48828720973201,-5.726460947872004,-5.918305252865334,-6.750588639024049
-2.113866553549418,-3.441115536922868,-3.9766201996195516,-4.1648290861518165,-4.593683011148392,-4.547708403393273,-4.6382285097672575,-4.696009770702137,-4.907524895875735,-5.130639252126266
-4.886123150454364,-5.788496012621429,-6.211444641129247,-6.2892776398995585,-6.603616089831637,-6.221254098278159,-6.266093440735424,-6.2336460234952575,-6.535845885520672,-7.888295348673005
-6.37377936414345,-7.380143317125118,-7.962510174206957,-8.07103448741138,-8.33630516641924,-8.05082621394844,-8.065494980765855,-8.044316411879066,-8.3104354014202,-9.586733804913408
-4.259635677808717,-4.941732739788036,-5.486511537769911,-5.5788136515297975,-6.112223260190061,-5.711684051240037,-5.798604252870663,-5.925680559380259,-6.278936231543654,-7.811972231517776
